muestra;grad;or_R;pend_c;tipo_roca;or_L;exp;sup;pend;piso;ORNS_L;ORNS_R;paj;roc;arb;so;mg;rast;ces;alt;Lichen_cover;Moss_cover;Rock_cover;A_altoandina;A_lorentzii;Acarospora_sp1;Acarospora_sp2;B_aethalea;B_aff_aethalea;B_concinna;B_dispersa;B_sulphurea;B_tellulata;B_tesserata;B_umbrina;Buellia_sp1;C_carneopruinata;C_chlorina;C_cinnabarina;C_sideritis;C_esteril;C_fimbriata;C_melanopoda;C_pyxidata;C_symphocarpa;Cladonia_sp;C_vitellina;Catillaria_sl;D_bisporus;D_diacapsis;D_muscorum;D_scruposus;D_oreina;D_pavonii;Dictyonema_sp;F_caperata;F_haysomii;F_papilosa;H_badia;H_breverhiza;H_dentella;H_intercalanda;H_leucomela;H_longiloba;H_revoluta;H_rhabdiformis;Hy_badia;H_fenzlianum;H_obscurata;H_speciosa;L_farinosa;L_granulosula;L_laboriosa;L_rupicola;Lecidea_sp;Lecidea_sp2;Lepraria_amarilla.1;Lepraria_lobulada;Lepraria_sp1;Lepraria_sp2;Leptogium_sp;O_austroamericana;O_parella;P_afrorevoluta;Parmelinopsis_sp;P_bonariensis;P_badia;P_candelarioides;P_colombiana;P_hypoleucites;P_perreticulata;P_punctilla;P_stictica;P_semansiana;P_distincta;P_pustulata;P_dydactila;P_hababianum;P_reticulatum;P_warmingii;P_rupicola;Paraparmelia_sp;P_coriacea;Pertusaria_ap2;Pertusaria_sp2;Pertusaria_sp3;Ph_ lobulata;Ph_dubia;Ph_tribacia;Phaeophyscia_sp;Placidium_sp;Psora_sp;Psora_sp.1;R_celastri;R_pilulifera;R_puiggarii;R_confragosa;R_confragosula;R_disporum;R_geographicum;R_inorense;R_obscuratum;R_propagulosum;Rhizocarpon_gris;Rimoso_blanco;S_ramulosum;T_atra;T_nodulifer;U_africana;U_amblyoclada;U_cornuta;U_diuretzi;U_hieronymi;U_krogiana;U_luti;U_polyrrhiza;U_saxidilatata;U_saxydilatata;X_cordillerana;X_cotopaxiensis;X_farinosa;X_hipopsila;X_microspora;X_microsticta;X_mougeoti;X_nefoscelia_sl;X_parietina;X_plittii;X_punctulata;X_santesonii;X_scabrosa;X_submougeotii;X_subtinctina;X_subulcerosa;X_taractica;X_ulcerosa;X_wrightiana;Xanthoparmelia_sp;Xanthoria_sp
T4_2100R1;linderos;N;vertical;gneiss;S;120;6.4;50;2100;0;-0.342;5;90;0;0;0;5;0;2128;94.6;1;4.4;6.2;6;1;0;8.4;8.4;0;0;0;0;0;0;0;0.8;0;0;0;0.4;0;0;0;0;0;0;0;0;0;0;0;0;0.8;0;0;0;0;0;0;0;0;0;0;0;0;0;0;0;0;0;0;0;0;0;4.6;0;0;0;0;0;0;0;0;0;0;0;0;0;0;0;0;2;0;0;0;0;0;0;0;0;0;0;0;0;0;3;0;0;0;0;0;0;0;2.2;0;0.8;0;0;0;0;0;0;0;0;0;0;0;0;0;13.8;0;0.8;0;0;0;0;0;1.6;0;0;0;0;0;0;0;3.6;0;0;0;0;0;0;0;0;0;0;0;0
T4_1500R1;linderos;plana;plana;gneiss;S;148;7.35;15;1500;0.766;0.766;65;25;0;0;0;5;10;1562;88;1;11;11.4;4.4;1.8;0;3.4;0;0;0;0;0;0;0;0;0;7.2;0;0;6;0;1.6;0;0;0;0;0;0;0;0;0;0;0;0;0;0;0;0;0;0;0;0;0;0;0;0;0;0;0;0;0;0;0;0;4.6;0;0;0;0;0;0;0;0;0;0;0;0;0;0;0;0;0;0;0;0;0;0;0;0;0;0;0;0;0;0;0;0;0;0;0;0;0;0;0;0;0;0;0;0;0;0;0;0;0;0;0;0;0;0;0.4;0;1;0;0;0;0;0;0;1.8;0;0;0;0;0;0;0;0;0;0;0;0;0;0;0;0;0;0;0
T2_900R9;gigantes;plana;plana;granito;N;175;12.374;10;900;-0.6428;0.766;10;40;30;10;5;10;0;904;24;4;70;1.2;0;0;0;0;0;0;0;0;0;0;0;0;0;0.2;0;0;0.4;0;0;0;0;0;0;0;0;0;0;0.4;0;0;0;0;0;0;0;0;0;0;0;0;0;0;0;0;0;0;0;0;0;0;0;0;0;0;0;0;0;0;0;0;0;0;0;0;0;0;0;0;0;0;0;0;0;0;0;0;0;0;0;0;0;0;0;0;7.2;0;0;0;0;0;0;0;0;0;0;0;0;0;0;0;0;0;0;0;0;0;0;0;0;0;0;0;0;0;0;0;0;0;0;0;0;1.8;0;0;0;0;0;0;0;0;0;3.8;0;0;0
T2_2100R19;gigantes;plana;plana;granito;N;120;14.31;10;2100;-0.9659;-1;10;40;10;40;20;10;5;2270;54;4;42;2.4;0;0;0;1.8;2.2;0;0;0;0;0;2;0;0;1.4;0;0;0;0;0;0;0;0;0;0;0;0;0;0;0;0;0;0;0;0;0;0;0;0;0;0;0;0;0;0;0;0;0;0;0;0;0.4;0;0;0;0;0;0;0;0;0;0;0;0;0;0;0;0;0;0;0;0;0;0;0;1.8;0;0;0;0;0;0;0;7.2;0;0;0;0;0;0;0;1.2;0;0;0;0;0;0;0;0;0;0;0;0;0;0;0;5.8;0;12;0;0;0;0;0;0;0;0;0;0;0;0;0;0;0;0;0;0;0;0;0;0;0;0;0;0
T2_2100R17;gigantes;plana;plana;granito;N;150;76.23;10;2100;-0.9848;-0.6428;10;70;0;10;5;10;0;2280;78.6;0;21.4;0.6;0;0;0;0;15.6;0;0;0;0;0;0;0;0;1.8;0;0;4.4;0;0;0;0;0;0;0;0;0;0;0;0;0;0;0;0;0;0;0;0;0;0.6;0;0;0;0;0;0;0;0;0;0;0;0.4;0;0;0;0;0;0;0;0;0;0;0;0;0;0;0;0;0;0;0;0;0;0;0;0;0;0;0;0;0;0;0;1.6;0;0;0;0;0;2.2;0;0;0;0;0;0;0;0;0;0;0;0;0;0;13.2;0;0;6.4;0;14.2;0;0;0;0;0;0;0;0;0;0;0;0;0;0;0;0;0;0;0;0;0;0;0;0;0;0
T2_2100R18;gigantes;plana;plana;granito;N;140;45.6494;20;2100;-0.1736;-0.9563;5;80;0;10;10;10;0;2280;83;1;16;2.4;0;0;0;0;5.8;0;0;0;0;0;0;0;0;5;0;0;2.2;0;0;0;0;0;0;0;0;0;0;0;0;0;0;0;0;0;0;0;0;0;0;0;0;0;0;0;0;0;0;0;0;0;0;5;0;0;0;0;0;0;0;0;0;0;0;0;0;0;0;0;0;0;0;0;0;0;0;0;0;0;0;0;0;0;13.8;0;0;0;0;0;0;0;0;0;2;0;0;0;0;0;0;0;0;0;0;11.2;0;0;13.4;0;18.6;0;0;0;0;0;0;0;0;0;0;0;0;0;0;0;0;0;0;0;0;0;0;0;0;0;0
T2_2100R10;gigantes;plana;plana;granito;S;157;31.16;10;2100;0.9982;0.766;10;40;30;20;10;10;5;2257;62;4;34;0.6;0;0;0;0;0;0;0;0;0;0;0;0;0;4.8;0;0;3.2;0;0;0;0;0;0;0;0;0;0;0;0;0;0;0;0;0;0;0;0;0;1.6;0;0;0;0;0;0;0;0;0;0;0;0;1.4;0;0;0;0;0;0;0;0;0;0;0;0;0;0;0;0;0;0;0;0;0;0;1.8;0;0;0;0;0;0;0.4;17;0;0;0;0;0;0.4;0;0;0;0.8;0;0;0;0;0;0;0;0;0;0;0.8;0.4;0;5.6;0;9.4;0;0;0;0;0;0;0;0;0;0;0;0;0;0;0;0;0;0;0;0;0;0;0;0;0;0
T2_2100R11;gigantes;N;media;granito;S;151;24.8;35;2100;0.9397;0.9848;0;95;0;5;1;0;0;2250;84;9.6;16;4;2.6;0;0;1.8;0;0;0;0;0;0;0;0;1.4;0;0;0;3.8;0;0;0;0;0;0;0;0;0;0;0;0;0.8;0;0;0;0;0;0;0;0;0;0;0;0;0;0;0;0;0;0;0;0;0;6;0;0;0;0;0;0;0;0;0;0;0.4;0;0;0;0;0;0;0;0;0;0;0;0;0;0;0;0;0;0;0;4.8;0;0;0;0;0;0;0;0;0;0;0;0;0;0;0;0;0;0;0;0;0.8;0;0;0;0;0;0;0;0;0;0;0;0;0;0;0;0;0;0;0;0;0;0;0;0;0;0;0;0;0;0;0
T2_2100R3;gigantes;S;media;granito;N;160;29.15;40;2100;-0.9848;-0.9848;5;30;0;10;10;10;60;2290;95.8;2.2;2;3.6;0;0;0;0;0;0;0;0;0.4;0;0;0;0;0;0;0;13.6;0;0;0;0;0;0;0;0;0;0;0;0;0.2;0;0;0;0;0;0;0;0;0;0;0;0;0;0;0;0;0;0;5;0;0;6.6;0;0;0;0;0;0;0;0;0;0;1;2;0;0;0;0;0;3.6;0;0;0;0;4.4;0;0;0;0;0;0;0;1.4;0;0;0;0;0;2.8;0;0;0;1.4;0;0;0;0;0;0;0;0;0;0;0;2;0;8.6;0;6.4;0;0;5.2;0;0;0;0;0;0;0;0;0;0;0;0;0;0;0;0;0;0;0;0;0;0;0
T2_2100R4;gigantes;S;media;granito;N;140;16.8;40;2100;-1;-1;5;30;0;5;10;10;40;2280;96.6;0.6;2.8;7.6;0;0;0;0;0;0;0;0;0.6;0;0;0;0;0;0;0;7.4;0;0;0;0;0;0;0;0;0;0;0;0;0.4;0;0;0;2;0;0;0;0;0;0;0;0;0;0;0;0;0;0;0.6;0;0;1.4;0;0;0;0;0;0;0;0;0;0;0;8.6;0;0;0;0;0;0.6;0;0;0;0;2.6;0;0;0;0;0;0;0;0;0;0;0;0;0;0;0;0;0;0;0;0;0;0;0;0;0;0;0;0;0;0.8;0;6.2;0;4.6;0;0;2.4;0;0;0;0;0;0;0;0;0;0;0;0;0;0;0;0;0;0;0;0;0;0;0
T2_2100R5;gigantes;S;media;granito;N;150;15.3;35;2100;-1;-0.5;5;40;0;40;20;5;10;2280;79;3;20;4.4;0;0;0;0;0;0;0;0;0;0;0;0;0;0;0;0;1.8;0;0;0;0;0;0;0;0;0;0;0;0;0.4;0;0;0;0;0;0;0;0;0;0;0;0;0;0;0;0;0;0;0;0;0;1.2;0;0;0;0;0;0;0;0;0;0;0;0;0;0;0;0;0;0;0;0;0;0;5.4;0;0;0;0;0;0;0;3;0;0;0;0;0;0;0;0;0;0;0;1.6;0;0;0;0;0;0;0;0;0;1;0;8.8;0;7.4;0;0;0.6;0;0;0;0;0;0;0;0;0;0;0;0;0;0;0;0;0;0;0;0;0;0;0
T1_1800R9;champa;plana;vertical;granito;S;80;24;75;1800;0.9848;-0.1736;30;30;0;10;10;20;0;1799;78;0;22;0;0;0;0;4.6;17.4;0;0;0;0;0;0;0;6;0;0;0;2.4;0;0;0;0;0;0;0;0;0;0;0;0;0;0;0;0;0;0;0;0;0;0;0;0;0;0;0;0;0;0;0;0;0;0;3;0;0;0;1.8;0;0;0;0;0;0;0;0;2.4;0;0;0;0;6;0;0;0;0;0;0;0;0;0;0;1.2;7.6;4;0;0;0;0;0;0;0;0;0;0;0;0;0;0;0;0;0;0;0;0;0;0;0;5.4;0;5;0;0;3.4;0;0;0;0;0;0;0;0;0;0;0;0;0;0;0;0;0;0;0;0;0;0;0
T3_1200R8;condorito;N;vertical;granito;S;160;15;80;1200;0.0872;-0.5;20;30;10;10;10;20;0;1190;81.8;4;14.2;0;0;0;0;1.6;0;0;0;0;0;0;0;0;0;3.2;0;0;0;0;0;0;0;0;0;0;0;0;0;0;0;0;0;0;0;0;0;0;0;0;0;0;0;0;0;0;0;0;0;0;0;0;0;5.6;0;0;0;0;0;0;2;0;0;0;0;0;0;0;19.6;0;0;1;0;0;0;0;0;0;0;0;0;0;0;0;0;0;0;0;0;0;0.8;0;0;0;0.6;0;0;0;0;0;0;0;2.8;0;0;0;0;0;0;0;9.6;0;0;0;0;0;0;0;0;0;0;0;0;0;0;0;0;0;0;0;0;0;0;1;0;0;0
T2_2400R1;gigantes;plana;plana;granito;S;165;17.2;5;2400;0.9962;0.866;1;80;0;10;5;0;0;2309;23;2;75;0;0;0;0;0;2.4;0;0;0;0;1;0.4;0;0;7.8;0;0;2.8;0;0;0;0;0;0;0;0;0;0;0;0;0;0;0;0;0;0;0;0;0;0;0;0;0;0;0;0;0;0;0;0;0;0;1.6;0;0;0;0;0;0;0;0;0;0;0;0;0;0;0;0;0;0;0;0;0;0;0;0;0;0;0;0;0;0;3;0;0;0;0;0;0;0;0;0;0;0;0;0;0;0;0;0;0;0;0;6.2;0;0;2.6;0;3.4;0;0;0;0;0;0;0;0;0;0;0;0;0;0;0;0;0;0;0;0;0;0;0;0;0;0
T1_2700R4;champa;N;vertical;granito;N;30;6.8;85;2700;-0.5;-0.766;30;65;0;5;0;0;0;2747;63;0;37;0;0.4;0;0;15.4;0;0;0;0;0;0;0;0;0;0;0;0;3;0;0;0;0;0;0;0;0;0;0;0;0;0;0;0;0;0;0;0;0;0;0;0;0;0;0;0;0;0;0;0;0;0;0;8.8;0;0;0;0;0;0;0;0;0;0;0;0;0;0;0;0;0;0;0;0;0;0;0;0;0;0;0;0;0;0;1.6;0;0;0;0;0;0;0;17;23.6;0;0;0;0;0;0;0;0;0;0;0;0;0;0;1.2;0;0;0;0;0;0;0;1.2;0;0;0;0;0;0;0;0;0;0;0;0;0;0;0;0;0;0;0;0
T2_1800R1;gigantes;N;media;granito;S;150;20;40;1800;0.6428;0.342;10;80;1;5;5;0;0;1813;84;15;15;0;2.6;0;0;3.4;15;0;0;0;0;0;0;0;0;7;0;0;2.6;0;0;0;0;0;0;0;0;0;0;0;0;0;0;0;0;0;0;0;0;0;0.6;0;0;0;0;0;0;0;0;0;0;0;0;1.2;0;0;0;0;0;0;0;0;0;0;0;0;0;0;0;0;0;0;0;0;0;0;0;0;0;0;0;0;0;0;0;0;0;0;0;0;0;0;0;7.2;0.4;0;0;0;0;0;0;1.6;0;0;0;0;0;0;6.4;0;5.2;0;0;0;0;0;0;0;0;0;0;0;0;0;0;0;0;0;0;0;0;0;0;0;0;0;8
T3_1800R3;condorito;plana;plana;granito;S;150;9.6;40;1800;1;0.342;70;60;10;10;15;10;0;1840;86;1.4;24;0;1;0;0;1;1;0;0;0;0;0;0;0;0;0.8;0;0;14;0;0;0;0;0;0;0;0;0;0;0;0;0.8;0;0;0;0.6;0;0;0;0;0;0;0;0;0;0;0;0;0;0;0;4.6;1.8;3;0;0;0;1;0;0;0;0;0;0;2.4;1;0;0;6;0;0;0.8;0;0;0;0;8.6;0;0;0;0;0;0;0.6;0;0;0;0;0;0.8;1.6;0;1;0;3.2;0;0;0;0;0;0;0;0;0;0;0;0;2.4;2.8;0;2.2;0;0;0;0;0;0;0;0;0;0;0;0;0;0;0;0;6.8;0;0;0;0;0;0.8;0;0;0
T2_1800R15;gigantes;N;media;granito;S;155;5.44;40;1800;0.866;0.5;0;80;5;5;5;5;5;1905;69;0;31;0;1.2;0;0;0.6;0;0;0;0;0;0;0;0;0;0.6;0;0;1.8;0;0;0;0;0;0;0;0;0;0;0;0;0;0;0;0;0;0;0;0;0;0;0;0;0;0;0;0;0;0;0;0;0.4;0;0;0;0;0;0;0;0;0;0;0;0;0;0;0;0;0;0;0;0;0;0;0;0;0;0;0;0;0;0;0;0;12.2;0;0;0;0;0;0.4;0;0;4.8;0;0;0;0;0;0;0;0;0;0;0;0;0;0;3.4;0;3;0;0;0;0;0;0;0;0;0;0;0;0;0;0;0;0;0;0;0;0;0;0;0;0;0;0
T2_1800R14;gigantes;plana;plana;granito;S;120;7.015;10;1800;0.342;0.766;10;80;5;5;5;5;10;1890;75;0;27;0;2;0;0;0;6.6;0;0;0;0;0;0;0;0;2;0;0;0.4;0;0;0;0;0;0;0;0;0;0;0;0;0;0;0;0;0;0;0;0;0;0;0;0;0;0;0;0;0;0;0;0;0.2;0;0;0;0;0;0;0;0;0;0;0;0;0.2;0;0;0;0.4;0;0;0.4;0;0;0;0;0;0;0;0;0;0;0;0;17.2;0;0;0;0;0;1.2;0;0;0;0;0;0;0;0;0;0;0;0;0;0;0;0;0;3.8;0;1.8;0;0;0;0;0;0;0;0;0;0;0;0;0;0;0;0;0;0;0;0;0;0;0;0;0;0
T2_1800R13;gigantes;S;media;granito;S;140;8.815;35;1800;0.6428;-0.1736;60;20;20;10;5;20;20;1890;77;2;21;0;3.8;0;0;0.4;0;0;0;0;0;0;0;0;0;1;0;0;3.8;0;0;0;0;0;0;0;0;0;0;0;0;0;0;0;0;0;0;0;0;0;0;0;0;0;0;0;0;0;0;0;0;0;0;0;0;0;0;0;0;0;0;0;0;0;0;0;0;0;0;0;0;0;0;0;0;0;0;0;0;0.4;0;0;1.2;0;13.6;0;0;0;0;0;0;0;2.8;0;0;0;0;0;0;17;0;0;0;0;0;0;0;0;1.4;0;2.4;0;0;0;0;0;0;0;0;0;0;0;0;0;0;0;0;0;0;0;0;0;0;0;0;0;0
T1_1800R8;champa;plana;vertical;granito;N;160;9.75;80;1800;-0.9397;1;35;55;0;2;2;15;0;1805;58;6;36;0;2.4;0;0;0.4;0.4;0;0;0;0;0;0;9;0;9;0;0;0;0;0;0;0;0;0;0;0;0;0;0;0;0;0;0;0;0;0;0;0;0;0;0;0;0;0;0;0;0;0;0;0.4;0;0.6;0;0;0;0;0;0;0;0;0;0;0;0;0.4;0;0;0;0;1.8;0;0;0;0;0;0;0;0;0;0;0;0;0;4.6;0;0;0;0;0;0;0;0;0;1.4;0;0;0;0;0;0;0;0;0;15.2;0;0;0;4.8;0;0.8;0;0;0;0;0;0;0;0;0;0;0;0;0;0;0;0;0;0;0;0;0;0;0;0;0;0
T1_1800R11;champa;plana;plana;granito;N;160;15.925;5;1800;-0.866;-0.866;50;40;0;2;2;10;2;1807;87;0;13;0;5.8;0;0;0.4;2.8;0;0;0;0;0;0;0;0;1.8;0;0;3.2;0;0;0;0;0;0;0;0;0;0;0;0;0;0;0;0;0;0;0;0;0;0;0;0;0;0;0;0;0;0;0;0;0;0;0.4;0;0;0;0;0;0;0;0;0;0;0;0;0;0;0;0;0;0;0;0;0;0;0;0;0;0;0;0;0;0;0;0;0;0;0;0;0;0;0;0;0;0;0;0;0;0;4.4;0;0;0;11.2;0;0;0;1.6;0;0;0;0;0;0;0;0;0;0;0;0;0;0;0;0;0;0;1.6;0;0;0;0;0;0;0;0;0
T2_2400R7;gigantes;N;vertical;granito;S;157;3.95;90;2400;1;0.766;5;60;0;40;0;5;0;2300;72;0.4;27.6;0;1.2;0;0;1.8;0;0;0;0;0;0;0;0;0;9.8;0;0;1;0;0;0;0;0;0;0;0;0;0;0;0;0;0;0;0;0;0;0;0;0;0;0;0;0;0;0;0;0;0;0;0;0.6;0;3.6;0;0;0;0;0;0;0;0;0;0;1;2;0;0;0;0;0;3.8;0;0;0;0;0.4;0;0;0;3;0;0;2.6;3.6;0;0;0;0;0;0;0;0;0;1;0;0;0;0;0;0;0;0;0;0;0;0;0;7;0;0;0;0;0;0;5.2;0;0;0;2.6;0;0;0;0;0;0;0;0;0;0;0;0;0;0;0;0;0
T2_2400R10;gigantes;S;vertical;granito;N;180;8.802;90;2400;-0.342;-0.866;10;30;0;20;0;0;0;2295;84;9;7;0;2.2;0;0;4;0;0;0;0;0.8;0;0;0;0;5.2;0;0;4.4;0;0;0;0;0;0;0;0;0;0;0;0;0;0;0;0;0;0;0;0;0;0;0;0;0;0;0;0;0;0;0;0;1;0.8;0.8;0;0;0;0;0;0;0;0;0;0;0;0;0;0;0;0;0;0;0;0;0;0;8.8;0;0;0;0;0;0;1.4;9.2;0;0;0;0;0;0;0;0.4;0;0.4;0;0.4;0;0;0;0;0;0;0;0;0;0;0;4.4;0;0;0;0;0;0;8.6;0;0;0;0;0;0;0;0;0;0;0;0;0;0;0;0;0;0;0;0;0
T2_2400R12;gigantes;N;media;granito;N;155;8.019;40;2400;-0.5;0.766;20;40;0;10;10;10;40;2313;78;2;20;0;3.2;0;0;16.2;0;0;0;0;0;0;0;0;0;12;0;0;0.4;0;0;0;0;0;0;0;0;0;0;0;0;0;0;0;0;0;0;0;0;0;0;0;0;0;0;0;0;0;0;0;0;0;0;4.8;0;3.6;0;0;0;0;0;0;0;0;0;0;0;0;0;0;0;0;0;0;0;0;0;0;0;0;0;0;0;14.4;0;0;0;0;0;0;0;0;1;0;0;0;0.2;0;0;0;0;0;0;0;0;0;0;0;4.4;0;0;0;0;0;0;8;0;0;0;0;0;0;0;0;0;0;0;0;0;0;0;0;0;0;0;0;0
T2_2400R13;gigantes;N;media;granito;N;157;7.476;40;2400;-0.9397;0.9397;10;40;0;0;30;0;40;2312;68;0;32;0;7.2;0;0;11.6;0;0;0;0;0;0;0;0;0;11.6;0;0;0;0;0;0;0;0;0;0;0;0;0;0;0;0;0;0;0;0;0;0;0;0;0;0;0;0;0;0;0;0;0;0;0;0;0.4;7;0;0;0;0;0;0;0;0;0;0;0;0;0;0;0;0;0;0;0;0;0;0;0;0;0;0;0;0;0;0.8;7.4;0;0;0;0;0;0;0;7.8;0;0;0;0;0;0;0;0;0;0;0;0;0;0.8;0;6.6;0;0;0;0;0;0;2.2;0;0;0;0;0;0;0;0;0;0;0;0;0;0;0;0;0;0;0;0;0
T2_2400R16;gigantes;S;vertical;granito;S;177;6.846;50;2400;0.342;-0.9848;20;10;0;0;10;20;50;2315;85;0;15;0;0.8;0;0;22.4;0;0;0;0;9.2;0;0;0;0;3.2;0;0;0;0;0;0;0;0;0;0;0;0;0;0;0;0.6;0;0;0;0;0;0;0;0;0;0;0;0;0;0;0;0;0;0;0;0;5.8;3.8;0;0;0;1;0;0;0;0;0;0;0;0;0;0;0;0;0;0;0;0;0;0;0;0;0;0;0;0;0;3.4;0;0;0;0;0;0;0;0;6;0;0;0;0;0;0;0;0;0;0;0;0;0;1;0;4;0;0;0;0;0;0;3.2;0;0;0;0;0;0;0;0;0;0;0;0;0;0;0;0;0;0;0;0;0
T2_2400R19;gigantes;plana;plana;granito;N;170;14.8;10;2400;0;0.9397;30;50;0;5;10;0;40;2297;80;0;20;0;3.8;0;0;13.4;0;0;0;0;0;0;0;0;0;7.6;0;0;0.4;0;0;0;0;0;0;0;0;0;0;0;0;0;0;0;0;0;0;0;0;0;0;0;0;0;0;0;0;0;0;0;0;0;0;3.8;0;0;0;0;0;0;0;0;0;0;0;0;0;0;0;0;0;0;0;0;0;0;0;0;0;0;0;0;0.4;0;1.4;0;0;0;0;0;0;0;1.8;0;0;0;0;0;0;0;0;0;0;0;0;0;0;0;1.4;0;0;0;0;0;0;0.6;0;0;0;0;0;0;0;0;0;0;0;0;0;0;0;0;0;0;0;0;0
T2_1200R18;gigantes;N;vertical;granito;S;100;2.24;80;1200;0.1736;0.766;30;20;20;10;20;20;0;1200;0;0;15.6;0;0.4;0;0;3.6;0;0;0;0;0;0;0;0;0;0.2;1.6;0;0.2;0;0;0;0;0;0;0;0;0;0;0;0;0;0;0;0;0;0;0;0;0;0;0;0;0;0;0;0;0;0;0;0;0;0;0;0;0;0;0;0;0;0;0;0;0;0;0;0;0;12.6;0;0;1.2;0;0;0;0;1.6;0;0;0;0;0;0;0;5.8;0;0;0;0;0;0;0;0;0;0.6;0;0;0;0;0;0;0;0;0;0;0;0;0;0.2;0;15.6;0;0;0;0;0;0;0;0;0;0;0;0;0;0;0;0;0;0;5.4;0;0;0;0;0;0;0
T2_1200R6;gigantes;S;media;granito;S;140;9.02;40;1200;0.866;-0.6428;40;30;10;5;10;20;0;1200;54;14;32;0;1;0;0;7.2;0;0;0;0;0;0;0;0.4;0;3.6;0;0;0;0;0;0;0;0;0;0;0;0;0;0;0;0;0;0;0;0;0;0;0;0;0;0;0;0;0;0;0;0;0;0;0;0;0;0;0;0;0;0;0;0;0;0;0;0;0;0;0;0;13;0;0;0.6;0;0;0;0;0.4;0;0;0;0;0;0;0;0;0;0;0;0;0;0;0;0;1.4;1.8;0;0;0;0;0;0;0;0;0;0;0;0;0;1;0;7.2;0;0;0;0;0;0;0;0;0;0;0;0;0;0;0;0;0;0;0;0;0;0;5.8;0;0;0
T2_1200R7;gigantes;S;media;granito;S;140;9.02;40;1200;0.866;-0.6428;40;30;10;5;10;20;0;1200;62;0;38;0;3.8;0;0;0;0;0;0;0;0;0;0;0;0;1;0;0;0;0;0;0;0;0;0;0;0;0;0;0;0;0;0;0;0;0;0;0;0;0;0;0;0;0;0;0;0;0;0;0;0;0;0;0;0;0;0;0;0;0;2.2;0;0;0;0;0;0;0;0;0;0.4;0;0;0;0;0;0;0;0;0;0;0;4.8;0;0;0;0;0;0;0;0;0;0;1.8;0;0;0;0;0;0;0;0;0;0;0;0;0;0;6;0;1;0;0;0;0;0;0;0;0;0;0;0;0;0;13.6;0;0;0;0;0;0;0;0;0;0;0;0
T2_1200R2;gigantes;plana;plana;granito;N;160;7.22;20;1200;-0.6428;-0.766;30;40;20;10;10;10;0;1200;84.4;0;52;0;1.4;0;0;0.8;0;0;0;0;0;0;9.2;0;0;3.2;0;0;1.2;0;0;0;0;0;0;0;0;0;0;0;0;0;0;0;0;0;0;0;0;0;0;0;0;0;0;0;0;0;0;0;0;0;0;0;0;0;0;0;0;0;0;0;0;0;0;0;0;0;0;0;0;0;0;0;0;0;0;0;0;0;0;0;0.4;0;0;0;0;0;0;0;0;0;0;3.2;0;0;0;0;0;0;0;0;0;0.6;0;0;0;0;0;0;0.2;0;0;0;0;0;0;0;0;2.2;0;0;0;1;0;0;0;0;0;0;0;0;0;6.2;0;0;0
T2_1200R3;gigantes;plana;plana;granito;N;165;5.94;10;1200;-0.5;-0.9848;30;60;10;1;10;10;0;1200;66;0;34;0;2;0;0;0.4;0;0;0;0;0;0;18;0;0;8;0;0;0;0;0;0;0;0;0;0;0;0;0;0;0;0;0;0;0;0;0;0;0;0;0;0;0;0;0;0;0;0;0;0;0;0;0;0;0;0;0;0;0;0;0;0;0;0;0;0;0;0;0;0;0;0;0;0;0;0;0;0;0;0;0;0;0;0;0;0;0;0;0;0;0;0;0;2.2;0;0;0;0;0;0;0;0;0;0.6;0;0;0;0;0;0;1.2;0;0;0;0;0;0;0;6.2;0;0;0;0;0;1;0;0;0;0;0;0;0;0;7.6;0;0;0
T2_1800R4;gigantes;S;vertical;granito;N;150;9.12;80;1800;-0.1736;0.6428;60;80;5;10;5;10;0;1799;88;2;12;0;0.2;0;0;4.2;2.8;5.6;0;0;0;0;16.2;0;0;9.2;0;0;4.4;0;0;0;0;0;0;0;0;0;0;0;0;0;0;0;0;0;0;0;0;0;0;0;0;0;0;0;0;0;0;0;0;0;0;1.8;0;0;0;0;0;0;0;0;0;0;0;8.2;0;0;1.6;0;0.4;0;0;0;0;0;0;0;0;0;0;0;0;0.6;0;0;0;0;0.8;0;0.4;0;0.4;0.4;0;0.2;2.4;0;0;0;0;0;0;4.8;0;0;0;0;5;0;12;0;0;0;0;0;3.8;0;0;0.8;0;0;0;0;8.4;0;0;0;0;0;0;0;0;1.6;0;0;8.2
T2_1800R5;gigantes;S;vertical;granito;S;130;12.16;85;1800;0.342;0.766;50;50;10;5;10;10;0;1801;68.6;0;44;0;0.4;0;0;0.4;0;0;0;0;0;0;1.8;0;0;0.4;0;0;5.6;0;0;0;0;0;0;0;0;0;0;0;0;0;0;0;0;0;0;0;0;0;0;0;0;0;0;0;0;0;0;0;0;0;0;2.4;0;0;0;0;0;0;1.6;0;0;0;0;5.6;0;0;5;0;0;0;0;0;0;0;0.4;0;0;1.2;0;0;0;0;4.2;0;0;3.6;0;0;7;0;0;0;0;0;0;0;0;0;0;0;0;1.2;0;0;0;5.4;3.2;0;18.4;0;0;0;0;0;2.4;0;0;0;0;0;0;0;0;0;0;0;0;1.2;0;0;0;0;0;0;5.4
T2_1200R13;gigantes;S;vertical;granito;N;88;10.5;90;1200;-0.9848;-0.5;70;40;20;20;20;20;0;1200;57;0;43;0;2.8;0;0;2;0;0;0;0;0;0;0;0;0;0;0;0;2;0;0;0;0;0;0;0;0;0;0;0;0;0;0;0;0;0;0;0;0;0;0;0;0;0;0;0;0;0;0;0;9.4;0;0;4.6;0;0;0;0;0;0;0;0;0;0;0;0;0;0;1.8;0;0;0;0;0;0;0;5;0;0;0;0;0;0;0;0;0;0;0;0;0;0;0;0;0;0;0;0;0;0;0;0;0;0;0;0;0;4.4;0;3;0;12.2;0;0;0;0;0;0;0;0;0;0;0;0;0;0;0;0;0;0;0;0;0;0;0;0;0;0
T2_1200R10;gigantes;N;vertical;granito;S;80;2.1;85;1200;0.766;0.766;20;20;20;10;10;20;0;1200;81;0;19;0;4.4;0;0;0;0;0;0;0;0;15.4;0;0;0;1;0;0;0;0;0;0;0;0;0;0;0;0;0;0;0;0;0;0;0;0;0;0;0;0;0;0;0;0;0;0;0;0;0;0;0;0;0;0;0;0;0;0;0;0;0.8;0;0;0;0;0;0;0;7.2;0;0.6;0;0;0;0;0;0;0;0;0;0;0;0;0;0;0;0;0;0;0;0;0;0;0;0.4;0;0;0;0;0;0;0;0;0;0;0;0;0;0.2;0;12.8;0;0;0;0;0;0;0;0;0;0;0;0;0;0;0;0;0;0;0;0;0;0;21.2;0;0;0
T2_1200R11;gigantes;plana;plana;granito;N;180;19.72;15;1200;-0.5;0.766;50;30;20;5;5;5;0;1200;37;0;63;0;1.4;0;0;0;0;0;0;0;0;0;13.4;0;0;3;0;0;0;0;0;0;0;0;0;0;0;0;0;0;0;0;0;0;0;0;0;0;0;0;0;0;0;0;0;0;0;0;0;0;0;0;0;0;0;0;0;0;0;0;0;0;0;0;1.6;0;0;0;0;0;0;0;0;0;0;0;0;0;0;0;0;0;0;0;0;0;0;0;0;0;0;0;0;0;0;0;0;0;0;0;0;0;0;0;0;0;0.4;0;2.2;0;0;0;0;0;0;0;0;0;0;0;0;0;0;3.6;5;0;0;0;0;0;0;0;0;0;0;0;0
T2_1200R14;gigantes;plana;plana;granito;S;140;5.6;20;1200;0.766;-0.866;30;20;20;1;5;30;0;1200;84;0;16;0;1.2;0;0;0;0;0;0;0;0;0;19.2;0;0;6.6;0;0;0.6;0;0;0;0;0;0;0;0;0;0;0;0;0;0;0;0;0;0;0;0;0;0;0;0;0;0;0;0;0;0;0;0;0;0;0;0;0;0;0;0;0;0.4;0;0;0;0;0;0;0;0;0;0;0;0;0;0;0;0;0;0;0;0;0;0;0;0;0;0;0;0;0;0;0;0;0;0;0;0;0;0;0;0;0;0;2.2;0;0;0;0;0.4;0;1.4;0;0;0;0;0;0;0;0;0;0;0;0;0;0;0;0;0;0;0;0;0;0;5;0;0;5.2
T2_1200R15;gigantes;S;media;granito;S;145;9.12;40;1200;0.1736;-0.9962;5;70;10;1;5;30;0;1200;52;2;36;0;0.8;0;0;11;0;0;0;0;0;0;6;0;0;5.2;0;0;0;0;0;0;0;0;0;0;0;0;0;0;0;0;0;0;0;0;0;0;0;0;0;0;0;0;0;0;0;0;0;0;0;0;0;0;0;0;0;0;0;0;0.6;0;0;0;0;0;0;0;0;0;0;0;0;0;0;0;0;0;0;0;0;0;0;0;0;0;0;0;0;0;0;0;0;0;0;0;0;0;0;0;0;0;0;6.2;0;0;0;0;3.4;0;3.2;0;0;0;0;0;0;0;0;0;0;0;0;0;0;0;0;0;0;0;0;0;0;0;0;0;0
T2_1200R16;gigantes;plana;plana;granito;S;130;4.2;10;1200;1;0.5;2;40;40;1;5;20;0;1200;27;0;73;0;2.4;0;0;0;0;0;0;0;0;0;7.8;0;0;1;0;0;0;0;0;0;0;0;0;0;0;0;0;0;0;0;0;0;0;0;0;0;0;0;0;0;0;0;0;0;0;0;0;0;0;0;0;0;0;0;0;0;0;0;1;0;0;0;0;0;0;0;0;0;0;0;0;0;0;0;0;0;0;0;0;0;0;0;0;0;0;0;0;0;0;0;0;0;0;0;0;0;0;0;0;0;0;0;0;0;0.6;0;3.4;0;0;0;0;0;0;0;0;0;0;0;0;0;0;11.2;0;0;0;0;0;0;0;0;0;0;0;0;0
T2_1200R17;gigantes;S;vertical;granito;S;155;3;50;1200;0.5;-0.866;20;30;20;3;1;20;0;1200;58;0;42;0;1.6;0;0;12.6;0;0;0;0;0;0;3.4;0;0;4;0;0;1.6;0;0;0;0;0;0;0;0;0;0;0;0;0;0;0;0;0;0;0;0;0;0;0;0;0;0;0;0;0;0;0;0;0;0;0;0;0;0;0;0;0;0;0;0;0;0;0;0;0;0;0;0;0;0;0;0;0;0;0;0;0;0;0;0;0;0;0;0;0;0;0;0;0;0;0;0;0;0;0;0;0;0;0;0;6;0;0;0;0;2.8;0;3.2;0;0;0;0;0;0;0;0;0;0;0;0;0;0;0;0;0;0;0;0;0;0;0;0;0;0
T2_1200R18a;gigantes;S;vertical;granito;S;120;3;50;1200;0.766;-0.5;40;30;40;1;20;20;0;1200;74;6;20;0;1;0;0;0;0;0;0;0;0;0;1.6;0;0;9;0;0;0;0;0;0;0;0;0;0;0;0;0;0;0;0;0;0;0;0;0;0;0;0;0;0;0;0;0;0;0;0;0;0;0;0;0;0;0;0;0;0;0;0;0;0;0;0;0;0;0;0;0;0;0;0;0;0;0;0;0;0;0;0;0;0;0;0;0;0;0;0;0;0;0;0;0;0.6;0;0;0;0;0;0;0;0;0;11.2;0;0;0;0;3;0;9;0;0;0;0;0;0;0;0;0;0;0;0;0;3.6;0;0;0;0;0;0;0;0;0;0;0;0
T2_1500R17;gigantes;N;vertical;granito;N;113;3.712;85;1500;-0.9962;0.5;10;50;20;5;5;10;0;1408;71.6;12;16.4;0;0.4;0;0;3;0;0;0;0;0;0;2;0;0;9.2;0;0;0;0;0;0;0;0;0;0;0;0;0;0;0;0;0;0;0;0;0;0;0;0;0;0;0;0;0;0;0;0;0;0;0;0;0.6;5.6;0;0;0;0;0;0;4.6;0;0;0;0;0;0;0;3.4;0;1.4;0;0;0;0;0;0;0;0;0;4.8;0;0;2.4;0;0;0;1.6;0;0;0.8;0;0;0;0.4;0;0;0;0;0;0;0;0.2;0;0;0;1;0;3;0;14.8;0;0;0;0;0;0;0;0;1;0;0;0;0;0;0;0;0;0;0;0;0;0;1;0;0;0
T2_1500R18;gigantes;N;vertical;granito;N;160;6.665;50;1500;-0.766;0.342;40;40;10;0;10;10;0;1405;48;0;52;0;4.6;0;0;1.8;0;0;0;0;0;0;9;0;0;0.8;0;0;1.2;0;0;0;0;0;0;0;0;0;0;0;0;0;0;0;0;0;0;0;0;0;0;0;0;0;0;0;0;0;0;0;0;0;0;0;0;0;0;0;0;0;0.2;0;0;0;0;0;0;0;0;0;0;0;0;0;0;0;0;0;0;0;2.4;0;0;0;0;0;0;0;0;0;0;0;0;0;0;0;0;0;0;0;0;0;0;0;0;0;0;0;5.6;0;2;0;0;0;0;0;0;0;0;0;0;0;0;0;0;0;0;0;0;0;0;0;0;19;0;0;0
T2_1500R15;gigantes;N;vertical;granito;N;157;6;50;1500;-0.866;0.4226;30;20;10;5;20;20;0;1413;22;67;11;0;0.8;0;0;2;0;0;0;0;0;0;3.2;0;0;2.4;0;0;3.4;0;0;0;0;0;0;0;0;0;0;0;0;0;0;0;0;0;0;0;0;0;0;0;0;0;0;0;0;0;0;0;0;0;0;0;0;0;0;0;0;0;6.4;0;0;0;0;0;0;0;4.2;0;0;0;0;0;0;0;0;0;0;0;2.2;0;0;0;0;0;0;0;0;0;3.2;0;0;0;0;0;0;0;0;0;0;0;1.2;0;0;0;0;0;1.8;0;4.6;0;0;0;0;0;0;0;0;0;0;0;0;0;0;0;0;0;0;0;0;0;0;1.2;0;0;0
T2_1500R16;gigantes;N;vertical;granito;N;162;4.8;50;1500;-0.9848;0.6428;10;40;10;10;5;5;20;1413;58;15;27;0;1.4;0;0;7.2;0;0;0;0;0.4;0;2.6;0;0;13;0;0;3;0;1.2;0;0;0;0;0;0;0;0;0;0;0;0;0;0;0;0;0;0;0;0;0;0;0;0;0;0;0;0;0;0;0;0;2;0;0;0;0;0;0;2.8;0;0;0;0.6;0;0;0;0.8;0;0.6;0;0;0;0;0;0;0;0;0;0;0;0;0;0;0;0;5;0;0;0;0;0;0;0.4;0;0;0;0;0;0;0;4;0;0;0;0;0;9.8;0;9.6;0;0;0;0;0;0;0;0;2.4;0;0;0;0;0;0;0;0;0;0;0;0;0;9;0;0;0
T2_1500R4;gigantes;plana;plana;granito;S;150;11.5025;10;1500;0.766;0.9848;10;40;10;40;0;10;0;1424;34;0;66;0;0.6;0;0;0;0;0;0;0;0;0;12.4;0;0;0;0;0;0;0;0;0;0;0;0;0;0;0;0;0;0;0;0;0;0;0;0;0;0;0;0;0;0;0;0;0;0;0;0;0;0;0;0;0;0;0;0;0;0;0;0;0;0;0;0;0;0;0;0;0;0;0;0;0;0;0;0;0;0;0;0;0;9;0;0;0;0;0;0;0;0;0.4;0;0;0;0;0;0;0;0;0;0;0.2;0;0;0;0;0;0;0;0.4;0;0;0;0;0;0;0;0;0;0;0;0;0;0;0;0;0;0;0;0;0;0;1.4;0;0;0
T2_1500R5;gigantes;S;media;granito;N;175;10.23;40;1500;-0.5;-0.1736;5;60;10;10;5;10;0;1432;44;2;54;0;2.4;0;0;0;9.2;0;0;0;0;0;5.4;0;0;0.2;0;0;0.6;0;0;0;0;0;0;0;0;0;0;0;0;0;0;0;0;0;0;0;0;0;0;0;0;0;0;0;0;0;0;0;0;0;0;0;0;0;0;0;0;0;0;0;0;0;0;0;0;0;0;0;0;0;0;0;0;0;0;0;0;0;0;0;1.6;0;0;0;0;0;0;0;0;0.4;0;0;0;0;0;0;0;0;0;0;0;0;0;0;0;0;1;0;1.4;0;0;0;0;0;0;0;0;0;0;0;0;7.2;0;0;0;0;0;0;0;0;0;0;0;0;0
T2_1500R1;gigantes;plana;plana;granito;S;177;33.6;5;1500;0;0;5;60;20;40;0;5;0;1431;38;0;60;0;1.6;0;0;0;0;0;0;0;0;0;1.2;0;0;0;0;0;0;0;0;0;0;0;0;0;0;0;0;0;0;0;0;0;0;0;0;0;0;0;0;0;0;0;0;0;0;0;0;0;0;0;0;0;0;0;0;0;0;0;0;0;0;0;3;0;0;0;0;0;0;0;0;0;0;0;0;0;0;0;0;0;5.4;0;0;0;0;0;0;0;0;0;0;0;0;0;0;0;0;0;0;0;0;0;0;0;0;0;0;0;0;0;0;0;0;0;0;0;0;0;0;0;0;0;0;0;0;0;0;0;0;0;0;0;0;0;0
T2_1500R2;gigantes;S;media;granito;N;176;13.3;30;1500;-0.5736;-0.6428;10;60;10;30;0;5;0;1426;21;0;77;0;1.2;0;0;0;1.8;0;0;0;0;0;4;0;0;0;0;0;0.8;0;0;0;0;0;0;0;0;0;0;0;0;0;0;0;0;0;0;0;0;0;0;0;0;0;0;0;0;0;0;0;0;0;0;0;0;0;0;0;0;0;0;0;0;0;0;0;0;0;0;0;0;0;0;0;0;0;0;0;0;0;0;0;1.8;0;0;0;0;0;0;0;0;0;0;0;0;0;0;0;0;0;1;0;3.2;0;0;0;0;0;0;0;0.4;0;0;0;0;0;0;0;0;0.4;0;0;0;0;0;0;0;0;0;0;0;0;0;0;0;0;0
T2_1500R3;gigantes;S;media;granito;N;127;39.875;40;1500;-0.9397;-0.5;20;10;40;10;10;40;0;1424;30;26;44;0;0.4;0;0;0.8;0;0;0;0;0;0;2.2;0;0;0;0;0;0.6;1.6;0;0;0;0;0;0;0;0;0;0;0;0;0;0;0;0;0;0;0;0;0;0;0;0;0;0;0;0;0;0;0;0;0;0;0;0;0;0;0;0;0;0;0;0;0;0;0;0;0;0;0;0;0;0;0;0;0;0;0;0;0;0;0;0;0;0;0;0;0;0;0;6.4;0;0;0;0;0;0;0;0;0;0;2.4;0;0;0;0;0;0;0;0.6;0;0;0;0;0;0;0;0;0.6;0;0;0;0;0;0;0;0;0;0;0;0;0;0;0;0;0
T2_1500R10;gigantes;S;media;granito;N;155;15.75;40;1500;-0.9205;-0.9659;20;60;10;10;1;5;0;1423;76;0;22;0;1.4;0;0;0;3;0;0;0;0;0;11.8;0;0.8;6.2;0;0;2.8;0;0;0;0;0;0;0;0;0;0;0;0;0;0;0;0;0;0;0;0;0;0;0;0;0;0;0;0;0;0;0;0;0;0;0;0;0;0;0;0;0;0;0;0;0;0;0;0;0;0;0;0;0;0;0;0;0;0;0;0;0;0;0;0;0;0;0;0;0;0;0;0;0;0;0;0;0;0;0;0;0;0;0;9.4;0;0;0;0;0;1;0;1.6;0;0;0;0;0;0;0;0;0;0;0;0;0;2.2;0;0;0;4.4;0;2.6;0;0;7.6;0;0;0
T2_1500R7;gigantes;plana;plana;granito;N;160;14.76;20;1500;-0.5;-0.9397;10;50;30;5;0;20;0;1424;85;0;17;0;5.6;0;0;0;5.6;0;0;0;0;0;13.4;0;0;0;0;0;0;0;0;0;0;0;0;0;0;0;0;0;0;0;0;0;0;0;0;0;0;0;0;0;0;0;0;0;0;0;0;0;0;0;0;0;0;0;0;0;0;0;0;0;0;0;0;0;0;0;0;0;0;0;0;0;0;0;0;0;0;0;0;0;3;0;0;0;0;0;0;0;0;0;0;0;0;0;0;0;0;0;0;0;0;0;0;0;0;0;0;0;0.4;0;0;0;0;0;0;0;0;6.6;0;0;0;8.8;0;0;0;0;0;0;0;0;0;0;0;0;0
T2_1500R8;gigantes;plana;plana;granito;N;157;18.9;20;1500;-1;-0.9205;20;40;30;1;10;10;0;1425;67;0;33;0;1.8;0;0;0;1.4;0;0;0;0;0;13;0;0;0;0;0;0;0;0;0;0;0;0;0;0;0;0;0;0;0;0;0;0;0;0;0;0;0;0;0;0;0;0;0;0;0;0;0;0;0;0;0;0;0;0;0;0;0;0;0;0;0;0;0;0;0;0;0;0;0;0;0;0;0;0;0;0;0;0;0;2.8;0;3.2;0;0;0;0;0;0;0;0;0;0;0;0;0;0;0;0;0;0;0;0;0;0;0;0;0.8;0.4;0;0;0;0;0;0;5;0;4.6;0;0;0;3.6;0;0;0;0;0;0;0;0;0;0;0;0;0
T2_1500R9;gigantes;plana;plana;granito;N;177;24.84;10;1500;-0.342;-0.9397;20;40;20;5;20;10;0;1433;50;0;50;0;3.4;0;0;0;3.2;0;0;0;0;0;1;0;0;0;0;0;0;0;0;0;0;0;0;0;0;0;0;0;0;0;0;0;0;0;0;0;0;0;0;0;0;0;0;0;0;0;0;0;0;0;0;0;0;0;0;0;0;0;0;0;0;0;0;0;0;0;0;0;0;0;0;0;0;0;0;0;0;0;0;0;1.4;0;0.8;0;0;0;0;0;0;0;0;0;0;0;0;0;0;0;0;0;0;0;0;0;0;0;0;0;0.2;0;0;0;0;0;0;0;0;0;0;0;0;1.4;0;0;0;0;0;0;0;0;0;5;0;0;1.8
T2_1500R14;gigantes;N;vertical;granito;N;130;7.106;90;1500;-0.342;0.5446;20;20;30;5;5;20;0;1419;90.6;0;9.4;0;4.6;0;0;0.6;12;0;0;0;0;0;0;0;0;2.8;0;0;3;0;9.8;0;0;0;0;0;0;0;0;0;0;0;0;0;0;0;0;0;0;0;0;0;0;0;0;0;0;0;0;0;0;0;1.6;0.8;0;0;0;0;0;0;2.2;0;0;0;0.4;0;0;0;1.4;0;0.4;2.4;0;0;0;0;0.6;0;0;0;3.6;0;0;4;0;0;0;0;0;0;0;0.4;0;0;0;0;0;0;0;0;0;0;0;0;0.4;0;0;0;3.4;0;5.8;0;0;0;0;0;0;0;0;0;0;0;0;0;0;0;0;0;2;0;0;0;0;7;0;0;0
T2_1500R12;gigantes;S;media;granito;S;107;17.425;30;1500;0.5;-0.766;30;30;20;10;10;20;0;1413;52;8;40;0;1.4;0;0;0;6.8;0;0;0;0;0;2.8;0;0;19;0;0;1.4;0;8;0;0;0;0;0;0;0;0;0;0;0;0;0;0;0;0;0;0;0;0;0;0;0;0;0;0;0;0;0;0;0;0;2.8;0;0;0;0;0;0;4.6;0;0;0;0;0;0;0;0.8;0;0;0;0;0;0;0;0;0;0;0;2.6;0;0;0;0.8;0;0;0;0;0;0;0;0;0;0;0;0;0;0;0;0;0;2;0;0;0;0;0;2;0;3.8;0;0;0;0;0;0;0;0;0;0;0;0;0;0.6;0;0;0;0;0;0;0;0;1.8;0;0;0
T2_1500R13;gigantes;S;media;granito;N;157;5;45;1500;-0.342;-0.9397;40;40;10;5;5;10;0;1415;54;0;46;0;2.4;0;0;0;8.6;0;0;0;0;0;8.6;0;0;6.2;0;0;5.2;0;4.6;0;0;0;0;0;0;0;0;0;0;0;0;0;0;0;0;0;0;0;0;0;0;0;0;0;0;0;0;0;0;0;0;0;0;0;0;0;0;0;0;0;0;0;0;0;0;0;0;0;0.8;0;0;0;0;0;0;0;0;0;0.4;0;0;0;0;0;0;0;0;0;0;0;0;0;0;0;0;0;0;0;0;0;6.8;0;0;0;0;0;2;0;2.6;0;0;0;0;0;0;0;0;0;0;0;0;4.2;0;0;0;0;0;0;0;0;0;0;0;0;0
T1_2700R10;champa;plana;media;granito;N;140;8.37;40;2700;-0.4226;-0.6428;5;90;0;2;1;5;6;2728;74;0;26;0;0.8;0;0;6.2;0;0;0;0;0;0;14.6;0;0;0;0;0;1.2;0;0;0;0;0;0;0;0;0;0;0;0;0;0;0;0;0;0;0;0;0;0;0;0;0;0;0;0;0;0;0;0;0;12.4;4;0;0;0;0;0;0;0;0;0;0;0;0;0;0;0;0;0;0;0;0;0;0;0;0;0;0;0;0;0;0;0;0;0;0;0;0;0;0;14.2;0;0;0;0;0;0;6.4;0;0;0;0;0;0;0;0;1;0;0;0;0;0;0;0;0.4;0;0;0;0;0;0;0;0;0;0;0;0;0;0;0;0;0;0;0;0
T1_2700R14;champa;plana;media;granito;N;180;8.4;40;2700;-0.6428;-0.9848;8;80;0;10;1;5;5;2762;89;0;11;0;1;0;0;17.6;0;0;0;0;4.6;0;8.2;0;0;0.2;0;0;1.6;0;0;0;0;0;0;0;0;0;0;0;0;0;0;0;0;0;0;0;0;0;0;0;0;0;0;0;0;0;0;0;0;0;14.6;3.6;0;0;0;4.4;0;0;0;0;0;0;0;0;0;0;0;0;0;0;0;0;0;0;2;0;0;0;0;0;0.8;0;0;0;0;0;0;0;0;0;7;0;0;0;0;0;0;2.4;0;0;0;0.4;0;0;2.2;0;0.4;0;0;0;0;0;0;1.2;0;0;0;0;0;0;0;0;0;0;0;0;0;0;0;0;0;0;0;0;0
T2_900R6;gigantes;S;media;granito;N;160;16.94;40;900;-0.5;-1;10;60;20;10;10;5;0;901;57;2;39;0;0.6;0;0;0;0;0;0;0;0;0;9.2;0;0;15.8;0;0;1.4;0;0;0;0;0;0;0;0;0;0;0.6;0;0;0;0;0;0;0;0;0;0;0;0;0;0;0;0;0;0;0;0;0;0;0;0;0;0;0;0;0;0;0;0;0;0;0;0;0;0;0;0;0;0;0;0;0;0;0;0;0;0;0;0;0;0;0;0;0;0;0;0;0;0;0;0;0;0;0;0;0;0;0;0;4.8;0;0;0;3.2;0;0;0;0;0;0;0;0;0;0;0;0;0;0;0;0;2.6;0;0;0;0;0;0;0;0;0;14.6;0;0;0
T2_900R13;gigantes;plana;plana;granito;S;167;7.2;3;900;0.342;0.9397;10;70;20;5;5;10;0;921;42;0;58;0;0.4;0;0;0;0;0;0;0;0;0;5.6;0;2;6.4;0;0;0.8;0;0;0;0;0;0;0;0;0;0;0.4;0;0;0;0;0;0;0;0;0;0;0;0;0;0;0;0;0;0;0;0;0;0;0;0;0;0;0;0;0;0;0;0;0;0;0;0;0;0;0;0;0;0;0;0;0;0;0;0;0;0;0;0;0;0;0;0;1.2;0;0;0;0;0;0;0;0;0;0;0;0;0;0;0;1;0;0;0;0;0;0;0;1;0;0;0;0;0;0;0;0;8.2;0;0;0;0;0;0;0;0;0;0;0;0;0;6.2;0;0;0
T2_900R15;gigantes;N;media;granito;N;158;9;35;900;-0.9781;0.5;10;80;20;5;5;10;0;928;54;0;46;0;0.4;0;0;0;0;0;0;0;0;0;14;0;1.6;7.4;0;0;0;0;0;0;0;0;0;0;0;0;0;0;0;0;0;0;0;0;0;0;0;0;0;0;0;0;0;0;0;0;0;0;0;0;0;0;0;0;0;0;0;0;0;0;0;0;0;0;0;0;0;0;0;0;0;0;0;0;0;0;0;0;0;0;0.2;0;0;0;0.2;0;0;0;0;0;0;0;0;0;0;0;0;0;0;0;0;0;0;0;0;0;0;0;0;0;0;0;0;0;0;0;0;0.6;0;0;0;0;0;0;0;0;0;0;0;0;0;0;0;0;0
T2_900R16;gigantes;N;media;granito;N;145;11.16;35;900;-0.1736;0.5;20;70;20;5;5;5;0;933;58;0;42;0;0.4;0;0;0;0;0;0;0;0;0;4.6;0;0.4;9.4;0;0;2;0;0;0;0;0;0;0;0;0;0;0;0;0;0;0;0;0;0;0;0;0;0;0;0;0;0;0;0;0;0;0;0;0;0;0;0;0;0;0;0;0;0.6;0;0;0;0;0;0;0;1.2;0;0;0;0;0;0;0;0;0;0;0;0;0;0;0;0;0;2;0;0;0;0;0;0;0;0;0;0;0;0;0;0;0;0;0;0;0;0;0;0;0;0;0;0;0;0;0;0;0;0;0.4;0;0;0;0;0;0;0;0;0;0;0;0;0;13.8;0;0;0
T2_900R17;gigantes;N;media;granito;N;170;6;40;900;-0.5;0.6428;15;50;20;10;5;10;0;929;30;0;70;0;1;0;0;3.8;0;0;0;0;0;0;6;0;1.2;0;0;0;0;0;0;0;0;0;0;0;0;0;0;0;0;0;0;0;0;0;0;0;0;0;0;0;0;0;0;0.8;0;0;0;0;0;0;0;0;0;0;0;0;0;0;0;0;0;0;0;0;0;0;0.8;0;0;0;0;0;0;0;0;0;0;0;0;0;0;0;0;0;0;0;0;0;0;0;0;0;0;0;0;0;0;0;0;0;0;0;0;0;0;0;0;0;0;0;0;0;0;0;0;0;0;1;0;0;0;0;0;0;0;0;0;0;0;0;0;2;0;0;0
T2_900R18;gigantes;N;vertical;granito;N;80;21.438;70;900;-0.9848;0.6428;17.5;60;20;7.5;5;7.5;0;930;22.4;0;54;0;0.4;0;0;1.8;0;0;0;0;0;0;0;0;1.4;0;0;0;0;0;0;0;0;0;0;0;0;0;0;0;0;0;0;0;3.4;0;0;0;0;0;0;0;0;0;0;2.8;0;0;0;0;2.2;0;0;1.2;0;0;0;0;0;0;13.4;0;0;0;0;0;0;0.4;3;0;0;0;0;0;0;0;0;0;0;0;0;0;0;0;0;0;0;0;0;0;0;0;0;0;0;0;0;0;0;0;0;0;0;0;0;0;0;0;0;0;0;0;0;0;0;0;0;0;0;1.2;0;0;0;0;0;0;0;0;0;0;0;0;0;0;0;0;0
T2_2100R13;gigantes;plana;vertical;granito;S;150;57.72;90;2100;0.9397;0.9397;50;60;10;10;10;10;10;2279;74;0;34;0;3;0;0;12.2;0;0;0;0;0;0;0.4;0;0;9.2;0;0;6;0;0;0;0;0;0;0;0;1;0;0;0;0;0;0;0;0;0;0;0;0;2.6;0;0;0;0;0;0;0;0;0;1.6;0;2.8;5;0;0;0;0;0;0;0;0;0;0;0;2.4;0;0;0;0;0;0;0;0;0;0;4.6;0;0;0;0;0;0;0;1.2;0;0;0;0;0;0;0;0;0;0;0;1.6;0;0;0;0;0;0;0;0;3.2;0;0;4.8;0;6.6;0;0;3.4;0;6;0;0;0;0;0;0;0;0;0;0;0;0;0;0;0;0;0;0;0;0;0
T2_2100R14;gigantes;plana;plana;granito;S;170;24.5;20;2100;0.6428;0.6428;5;70;15;10;10;10;0;2257;84;3;15;0;2.4;0;0;0;14.4;0;0;0;0;0;0;0;0;5.4;0;0;2.2;0;0;0;0;0;0;0;0;0;0;0;0;0;0;0;0;0;0;0;0;0;0;0;0;0;0;0;0;0;0;0;0;0;0;0;0;0;0;0;0;0;0;0;0;0;0;0;0;0;0;0;0;0;0;0;0;0;0;0;0;0;0;0;0;0;14;0;0;0;0;0;0;0;0;0;0;0;0;0;0;0;0;0;0;0;0;6;0;0;13.6;0;13.2;0;0;0;0;0;0;0;0;0;0;0;0;0;0;0;0;0;0;0;0;0;0;0;0;0;0
T2_2100R12;gigantes;N;vertical;granito;N;123;12.005;90;2100;-0.866;0.6428;20;10;0;10;10;20;40;2275;82;6.6;11.4;0;0.2;0;0;3.4;0;0;0;0;0;0;0;0;0;0;0;0;3.6;0;0;0;0;0;0;0;0;0;0;0;0;0;0;0;0;3.2;0;0;0;0;0;0;0;0;0;0;0;0;0;0;2.8;0;1.2;0.8;0;0;0;0;0;0;1.4;0;0;0;0;9.2;0;0;0;0;0;0.4;0;0;0;0;0;0;0;0;0;0;0;0;13.8;0;0;0;0;0;0.8;0;0.2;0;3.6;0;0.2;0;0;0;0;0;0;0;0;0;0;0;6.4;0;1.4;0;0;2;0;0;0;0;0;0;0.8;0;0;0;0;0;0;0;0;0;0;0;0;0;0;0;0
T3_1200R13;condorito;plana;vertical;granito;S;160;7.5;70;1200;0.342;0.766;70;20;10;10;5;5;0;1189;54;0;46;0;3;0;0;0.4;0;0;0;0.4;0;0;0;0;13;0;0;0;0;0;0;0;0;0;0;0;0;0;0;0.4;0;0;0;0;0;0;0;0;0;0;0;0;0;0;0;0;0;0;0;0;0;0;0;0;0;0;0;0;0;0;17;0;0;0;0;0;0;0;0;0;0;0;0;0;0;0;0;0;0;0;0;0;0;0;0;0;0;0;0;0;1.2;0;0;0;0;0;0;0;0;0;0;0;0;0;0;0;0;0;2.2;0;0;0;0;0;0;0;0;0;0;0;0;0;0;3.4;0;0;0;0;0;0;0;0;0;8.4;0;0;0
T3_1200R12;condorito;S;vertical;granito;S;173;5.76;70;1200;0.8192;0.9986;30;20;20;10;20;20;0;1207;73.8;0;26.2;0;0.6;0;0;3.6;0;0;0;0;0;0;0;0;1.4;1.6;0;0;1.2;0;0;0;0;0;0;0;0;0;0;0;0;0;0;0;0;0;0;0;0;0;0;0;0;0;0;0;0;0;0;0;0;0;0;1;0;0;0;1;0;0;3.4;0;0;0;0;0;0;0;0.8;0;1.2;0;0;0;0;0;0;0;0;0;4.2;0;0;0;0;0;0;0;0;0;2.6;0;0;0;0;0;0;0;0;0;0;0;1;0;0;0;0;0;7.6;0;11.4;0;0;0;0;0;0;0;0;1.6;0;0;0;0;0;0;0;0;0;0;0;0;0;17;0;0;0
T3_1200R7;condorito;plana;plana;granito;S;175;14.8;10;1200;0.9848;0.342;20;40;30;10;5;20;0;1184;56;8;58;0;0.4;0;0;2;0;0;1.4;0;1.4;0;8.2;0;6.6;3.8;0;0;0;0;0;0;0;0;0;0;0;0;0;0;0;0;0;0;0;0;0;0;0;0;0;0;0;0;0;0;0;0;0;0;0;0;0;0;0;0;0;0;0;0;0;0;0;0;0;0;0;0;0;0;0;0;0;0;0;0;0;0;0;0;0;0;0.8;0;0;0;0;0;0;0;0;0;0;0;0;0;0;0;0;0;0;0;0;0;0;0;0;0;0;0;0;0;0;0;0;0;0;0;0;0;0;0;0;0;0;0;0;0;0;0;0;0;0;16.2;0;0;0
T3_1200R3;condorito;S;vertical;granito;S;157;15.41;80;1200;0.342;0.5;30;60;20;5;0;20;0;1193;72.8;2;48;0;1;0;0;1.2;7.6;0;0.8;0;0;0;7;0;0;11.2;0;0;0.8;0;0;0;0;0;0;0;0;0;0;0;2.2;0.2;0;0;0;0;0;0;0;0;0;0;0;0;0;0;0;0;0;0;0;0;0;1.2;0;0;0;3.2;0;0;2.6;0;0;0;0;0;0;0;3.8;0;0.8;0;0;0;0;0;0;0;0;0;3.2;0;0;0;0;0;0;2.6;0;0;0;0;0;0;0;0;0;0;0;0;0;0;0;0;2.2;0;0;0;3.2;0;7.6;0;0;0;0;0;0;0;0;9.6;0;0;0;0;3.2;0;0;0;0;0;0;0;0;2.2;0;0;0
T3_1200R4;condorito;plana;vertical;granito;N;168;34.2;80;1200;-0.342;0.6428;40;90;5;5;10;5;0;1194;63;9;45;0;2;0;15.2;4.2;0;0;0;0;1.4;0;2.2;0;0;0;0;0;2.8;0;0;0;0;0;0;0;0;0;0;0;0;0;0;0;0;0;0;0;0;0;0;0;0;0;0;0;0;0;0;0;0;0;0;5.4;0;0;0;0;0;0;0;0;0;0;0;0;0;0;4.6;0;9;0.8;0;0;0;0;3.6;0;0;0;0;0;0;0;0;0;0;0;0;0;0;0;0;0;0;0;0;0;0.2;0;0;0;0;0;0;0;0;0;0;0;1.2;0;0;0;0;0;0;0;0;0;0;0;0;0;2.2;0;0;0;0;0;0;0;0;4;0;0;0
T3_1200R1;condorito;plana;vertical;granito;N;172;13.91;50;1200;-0.866;-0.866;30;30;20;20;2;20;10;1182;44;14;62;0;1.6;0;0;3;0;0;0;0;0;0;0;0;0;7;0;0;0;0;0;0;0;0;0;0;0;0;0;0;2.8;0;0;0;0;0;0;0;0;0;0;0;0;0;0;0;0;0;0;0;0;0;0;2.2;0;0;0;2.8;0;0;0;0;0;0;0;0;0;0;0;0;0;0;0;0;0;0;0;0;0;0;0;0;0;0;0;2;0;0;0;0;0;0;0;0;2.2;0;0;0;0;0;0;0;0;0;5.4;0;0;0;1.8;0;5.2;0;0;0;0;0;0;1.4;1;7.6;0;0;0;0;0;0;0.8;0;0;0;0;0;7.4;2.2;0;0;0
T3_1200R2;condorito;plana;plana;granito;N;168;7.92;5;1200;-0.866;-0.5;20;40;30;5;0;5;0;1191;95.2;0;4.8;0;0.8;0;0;0;0;0;0;0;0;0;1.2;0;0;8;0;0;0;0;0;0;0;0;0;0;0;0;0;0;2.6;0;0;0;0;0;0;0;0;0;0;0;0;0;0;0;0;0;0;0;0;0;0;0;0;0;0;0;0;0;0;0;0;0;0;0;0;0;0;0;0;0;0;0;0;0;0;0;0;0;0;0;0;0;0;0;0;0;0;0;0;0;0;0;0;0;0;0;0;3.8;0;0;0;0;2.6;0;0;0;0;0;1.6;0;0;0;0;0;0;0;0;0;0;0;0;0;0;0;0;0;0;0;0;0;0;18.8;0;0;0
T3_1500R19;condorito;S;vertical;granito;N;102;9.675;83;1500;-0.9659;0.3746;30;60;30;20;20;15;0;1536;82;0;18;0;1.2;2.6;0;3.8;0;0;0;0;3.2;0;1;0;0;2.8;0;0;5.8;0;0;0;0;0;0;0;0;0;0;0;0;0;0;0;0;0;0;0;0;0;0;0;0;0;0;0;0;0;0;0;0;0;0.8;5.6;0;0;0;0;0;0;0;0;0;0;0;0;0;0;0;0;4.2;0;0;0;0;0;0;0;0;1.2;0;0;0;1;0;0;0;0;0;0;5.6;0;0;0;0;0;0;0;0;0;0;0;0;0;0;0;0;0;8.4;0;1.4;0;0;0;0;0;0;0;0;0;0;0;0;16;0;0;0;0;0;0;0;0;0;0;0;0;0
T3_1800R7;condorito;N;vertical;granito;N;137;6.5702;80;1800;-0.866;-1;60;20;10;5;5;10;0;1844;91.4;0.6;8;0;1.6;0;0;1.6;0;0;0;0;0.6;0;0;0;0;1.4;0;0;7.4;0;0;0;0;0;0;0;0;0;0;0;0;0;0;0;0;0;0;0;0;0;2.2;0.6;0;0;0;0;0;3;0;0;3;0;0;5.2;0;0;0;0;0;0;0;0;0;1;0;2.2;0;0;8.6;0;0;4.6;0;0;0;0;2.8;0;0;0.8;0;0;0;0;0;0;0;0;1;0;2;0;0;0;2;0;8.8;1.2;0;0;0;0;0;0;0;0;0;0;4;0;4.2;0;0;0;0;0;2.6;0;0;0;0;0;0;0;0;0;0;0;0;0;0;0;0;0;0;0;0
T3_1800R15;condorito;S;vertical;granito;S;90;33.65;90;1800;0.766;0.5;20;20;10;30;10;20;0;1844;84;2;14;0;0.8;0;0;0;0;0;0;0;0;0;0;0;0;1;0;0;5.4;0;0;0;0;0;0;0;0;0;0;0;0;0;0;0;0;0;0;0;0;0;0;0;0;0;0;0;0;0;0;0;0;0;2.6;3.4;0;0;0;0;0;0;0;0;0;0;0;0;0;0;0.6;0;0;0.6;0;0;0;0;7.8;0;0;6.8;0;0;0.8;0;0;0;0;0;0;0;4.2;0;0;0;0.8;0;1.6;0;0;0;0;0;0;0;0;0;0;8.4;4.4;0;6.6;0;0;0;0;0;6.2;0;0;0;0;0;0;0;0;0;0;0;0;0;0;0;0;0;0.4;0;5.8
T3_1500R1;condorito;S;vertical;granito;S;135;4.68;88;1500;0.342;0.866;60;50;10;1;20;10;0;1500;66;4;30;0;1.4;0.6;0;3.4;0;0;0;0;1;0;1.8;0;0;1.4;0;0;9.8;0;0;0;0;0;0;0;0;0;0;0;0;0;0;0;0;0;0;0;0;0;0;0;0;0;0;0;0;0;0;0;0;0;0;1.2;0;0;0;0;0;0;3;0;0;0;0;0;0;0;5.6;0;1.4;3.4;0;0;0;0;0;0;0;1.2;0;0;0;0.6;0;0;0;0;0;0;4.4;0;0;0;0.8;0;0.4;0;0;0;0;0;0;0;0;0;0.2;0;7.8;0;3.4;0;0;0;0;0;0;0;0;0;0;0;0;8.6;0;0;0;0;0;0;0;0;0;0;0;0;0
T3_1500R3;condorito;plana;plana;granito;S;157;10.56;15;1500;0.9397;0.9848;20;30;20;5;3;20;0;1529;77;0;23;0;2.8;0;0;9.2;0;0;0;0;0;0;3;0;0;6.2;0;0;1.2;0;0;0;0;0;0;0;0;0;0;0;9.4;0;0;0;0;0;0;0;0;0;0;0;0;0;0;0;0;0;0;0;0;0;0;0;0;0;0;0;0;0;0;0;0;0;0;0;0;0;0;0;0.4;0;0;0;0;0;0;0;0;0;0;0;0;0;0;0;0;0;0;0;0.4;0;0;0;0;0;0;0;0;0;0;0;0;0;0;0;0;0;1.2;0;1.2;0;0;0;0;0;0;1.6;0;0;0;0;0;0;0;0;0;0;0;0;0;0;0;2.4;0;0;8
T3_1500R4;condorito;N;media;granito;S;139;12;40;1500;0.766;-1;40;30;10;5;5;10;0;1534;73;9;18;0;0.4;0;0;7;0;0;0;0;0.8;0;1.4;0;0;0.8;0;0;12;0;0;0;0;0;0;0;0;0;0;0;1.4;0;0;0;0;0;0;0;0;0;0;0;0;0;0;0;0;0;0;0;0;0;0;2.4;0;0;0;0;0;0;0;0;0;0;0;0;0;0;7.6;0;0.4;1.2;0;0;0;0;2;0;0;0;0;0;0;0;0;0;0;0;0;0;2.2;0;0;0;0;0;0;0;0;0;0;0;0;0;0;0;0;0;5.2;0;1.2;0;0;0;0;0;0;0;0;0;0;0;0;0;0;0;0;0;0;0;0;0;2.4;6.6;0;0;0
T3_1500R5;condorito;N;vertical;granito;S;155;9.5;90;1500;0.5;-0.9397;40;50;10;5;7;10;0;1541;91.6;0;8.4;0;3.8;3.2;0;2;0;0;0;0;0;0;0;0;0;2;0;0;9.4;0;0;0;0;0;0;0;0;0;0;0;1.8;0;0;0;0;0;0;0;0;0;0;0;0;0;0;0;0;0;0;0;0;0;0;1.8;0;0;0;0;0;0;0;0;0;0;0;1.4;0;0;6;0;2;2.4;0;0;0;0;1.2;0;0;5.6;0;0;0;5.2;0;0;0;0;0;0;3.8;0;0;0;0;0;0;0;0;0;0;0;0;0;0;0;1.2;0;3.4;0;11;0;0;0;0;0;0;0;0;0;0;0;0;0.8;0;0;0;0;0;0;0;0;0;0;0;0;0
T3_1500R7;condorito;S;vertical;granito;S;150;7;70;1500;0.1736;0.766;10;20;40;20;3;15;0;1512;66;0;34;0;0.8;0.2;0;1.8;0;0;0;0;0;0;1.4;0;0;1.6;0;0;4.6;0;0;0;0;0;0;0;0;0;0;0;0;0;0;0;0;0;0;0;0;0;0;0;0;0;0;0;0;0;0;0;0;0;0;0;0;0;0;0;0;0;0.2;0;0;0;0;0;0;0;6.2;0;1.8;0;0;0;0;0;0;0;0;0;0;0;0;0;0;0;0;0;0;0;7.4;0;0;0;1;0;0;0;0;0;0;0;0;0;0;0;0;0;9.6;0;3.4;0;0;0;0;0;0;0;0;0;0;0;0;0;0;0;0;0;0;0;0;0;0;14;0;0;0
T3_1500R8;condorito;S;vertical;granito;S;150;7.5;80;1500;0.8192;1;60;30;30;10;1;1;0;1514;76.4;0;23.6;0;1;0;0;2.6;0;0;0;0;0.4;0;0;0;0;3.6;0;0;3.8;0;0;0;0;0;0;0;0;0;0;0;0;0;0;0;0;0;0;0;0;0;0;0;0;0;0;0;0;0;0;0;0;0;0;5.8;0;0;0;0;0;0;0.4;0;0;0;0.4;0;0;0;5.2;0;0.8;0;0;0;0;0;0;0;0;0;0;0;0;0.4;0;0;0;0;0;0;13.2;0;0;0;1.6;0;0;0;0;0;0;0;0;0;0;0;0;0;4.6;0;1.6;0;0;0;0;0;0;0;0;0;0;0;0;0;0;0;0;0;0;0;0;0;0;7.8;0;0;0
T3_1500R9;condorito;plana;plana;granito;N;157;20;17;1500;-0.5;-0.9397;20;60;10;10;35;40;0;1523;62;6;32;0;3.6;0;0;3.4;0;0;0;0;0.8;0;11;0;0;12.2;0;0;4;0;0;0;0;0;0;0;0;0;0;0;0;0;0;0;0;0;0;0;0;0;0;0;0;0;0;0;0;0;0;0;0;0;0;0.4;0;0;0;0;0;0;0;0;0;0;0;0;0;0;0;0;0;0;0;0;0;0;0;0;0;0;0;0;0;0;0;0;0;0;0;0;0;0;0;0;0;0;0;0;0;0;0;0;0;0;0;0;0;0;0.8;0;6.6;0;0;0;0;0;0;0;0;0;0;0;0;0;3.2;0;0;0;0;0;0;0;0;0;0;0;0
T3_1500R10;condorito;N;vertical;granito;N;117;3.45;75;1500;-0.9994;-0.9848;40;30;20;20;10;30;0;1524;84.6;0;15.4;0;0.2;3.4;0;2.6;0;0;0;0;3.2;0;0;0;0;3.2;0;0;9.2;0;0;0;0;0;0;0;0;0;0;0;0;0;0;0;0;0;0;0;0;0;0;0;0;0;0;0;0;0;0;0;0;1.6;1;2.2;0;0;0;0;0;0;0;0;0;0;0;2;0;0;18.6;0;0;0.2;0;0;0;0;5;0;0;0;0;0;0;0;3.6;0;0;0;0;0;4.4;0;0;0;0.4;0;2.4;0;0;0;0;0;0;0;0;0;0;0;2.2;0;16.8;0;0;0;0;0;0;0;0;0;0;0;0;0;0;0;0;0;0;0;0;0;0;0;0;0;0
T3_1500R14;condorito;S;media;granito;N;159;12.25;35;1500;-0.6428;0.9925;10;40;30;30;10;25;0;1520;76;2;22;0;0.6;0;0;6.4;0;0;0;0;1.2;0;1.8;0;0.4;7.6;0;0;6.6;0;0;0;0;0;0;0;0;0;0;0;0;0.6;0;0;0;0;0;0;0;0;0;0;0;0;0;0;0;0;0;0;0;0;0;7;0;0;0;0;0;0;0;0;0;0;2;0;0;0;0.4;0;0.6;0.6;0;0;0;0;0;0;0;0;0;0;0;0;0;0;0;0;0;0;6.4;0;0;0;0.4;0;0;0;0;0;0;0;0;0;0;0;0;0;8.6;0;8.8;0;0;0;0;0;0;9.8;0;0;0;0;0;0;0;0;0;0;0;0;0;0;0;0;0;0;0
T3_1500R16;condorito;S;vertical;granito;S;151;15;85;1500;0.0872;0.342;40;40;20;3;1;10;0;1532;96.8;0;3.8;0;2.2;1.2;0;0.6;0;0;0;0;0;0;8.4;0;0;1.4;0;0;4.6;0;0;0;0;0;0;0;0;0;0;0;0;0;0;0;0;0;0;0;0;0;0;0;0;0;0;0;0;0;0;0;0;0;0;2.6;0;0;0;0;0;0;0;0;0;0;0;0;0;0;0;0;3.4;0;0;0;0;0;0;0;0;0;0;0;0;0;0;0;0;0;0;0;6.8;0;0;0;1;0;0;0;0;0;0;0;0;0;0;0;0;0;1.8;0;5;0;0;0;0;0;0;0;0;0;0;0;0;14;0;0;0;0;0;0;0;0;0;2.8;0;0;0
T3_1500R17;condorito;plana;plana;granito;S;125;32;10;1500;0;-0.766;5;80;5;15;15;10;0;1542;48;0;52;0;1.2;1.4;0;3.6;0;0;0;0;0;0;9.6;0;0;6.8;0;0;3.4;0;0;0;0;0;0;0;0;0;0;0;0;0;0;0;0;0;0;0;0;0;0;0;0;0;0;0;0;0;0;0;0;0;0;0;0;0;0;0;0;0;0;0;0;0;0;0;0;0;0;0;0;0;0;0;0;0;0;0;0;0;0;0;0.8;0;0;0;0;0;0;0;0;0;0;0;0;0;0;0;0;0;0;0;1;0;0;0;0.6;0;0.6;0;5.8;0;0;0;0;0;0;1.4;0;0;0;0;0;0;0;0;0;0;0;0;0;0;0;0;0;0;0
T3_1200R18;condorito;plana;vertical;granito;S;120;13.4328;80;1200;0.9397;0.6428;20;50;30;20;10;20;0;1208;78;2;50;0;3.6;0.8;0;0;0;0;0;0;0;0;0;0;0;1.4;0;0;5.8;0;0;0;0;0;0;0;0;0;0;0;1.8;0;0;0;0;0;0;0;0;0;0;0;0;0;4.6;0;0;0;0;0;0;0;0;0;0;0;0;0;0;0;2;0;0;0;0;0;0;0;1.8;0;0.6;0.4;0;0;0;0;0;0;0;0;0;0;0;0;0;0;0;0;0;0;1.2;0;0;0;0;0;0;0;0;0;0;0;0;0;0;0;0;0;6;0;7.6;0;0;0;0;0;0;0;0;0;0;0;0;5.6;0;0;0;0;0;0;0;0;0;7.2;0;0;0
T1_1800R2;champa;N;media;granito;N;155;36.04;40;1800;-0.866;-0.9397;25;60;0;2;2;5;0;1792;88.6;0;11.4;0;1.4;0.2;0;1.8;0;0;0;0;0;0;4.6;0;0;17.4;0;0;0;0;0;0;0;0;0;0;0;0;0;0;0;0;0;0;0;0;0;0;0;0;0;0;0;0;0;0;0;0;0;0;0;0;0.8;0.6;0;9.6;0;0;0;0;0;0;0;1.6;0;0;0;0;0;0;0;0;0;0;0;0;9;0;0;0;0;0;0;0;4.2;0;0;0;0;0;0;0;0;1.2;0;0;0;0;0;0;0;0;0;0;0;0;0;0;1;0;1.2;0;0;0;0;0;0;0;0;0;0;0;0;0;0;0;0;0;0;0;0;0;0;0;0;0;0
T1_1800R5;champa;N;media;granito;S;145;12.865;45;1800;0.6428;-0.1736;25;50;25;2;2;5;25;1791;68;0;32;0;0.4;0;0;0.2;0;0;0;0;0.2;0;0;4;0;21.6;0;0;1.6;0;0;0;0;0;0;0;0;0;0;0;0;0;0;0;0;0;0;0;0;0;0;0;0;0;0;0;0;0;0;0;0;0;0;0.6;0;0;0;6.2;0;0;0;0;0;0;0;0;0;0;0;0;0;1.8;0;0;0;0;0.4;0;0;0;0;0;0;0;0;0;0;0;0;0;0;0;0;0;3.2;0;0;0;0;1;0;0;0;0;1.4;0;0;0;3;0;2.6;0;0;0;0;0;0;0;0;0;7.6;3.2;0;0;0;0;0;0;0;0;0;0;1.8;0;0;0;0
T1_1800R7;champa;N;vertical;granito;S;125;11.005;75;1800;0.5;-0.5;30;70;0;0;2;5;0;1804;77.6;2;20.4;0;0.4;0;0;0;0.2;0;0;0;0;0;4.4;0;0;21.2;0;0;0;0;0;0;0;0;0;0;0;0;0;0;0;0;0;0;0;0;0;0;0;0;0;0;0;0;0;0;0;0;0;0;0;0;0;1.4;0;0;0;0;0;0;0;0;0;0;0;0;0;0;0;0;3.2;0;0;0;0;3.4;3.4;0;0;0;0;0;0;0;4.2;0;0;0;0;0;0;0;0;0;8.8;0;0;0;0;1.6;0;0;0;0;0;0;0;0;9.6;0;9.2;0;0;0;0;0;0;0;0;0;0;0;0;0;0;0;0;0;0;7.2;0;0;3.2;0;0;0;0
T1_1800R18;champa;S;media;granito;N;110;6;40;1800;-0.1736;0.866;35;60;0;1;2;5;0;1830;57;0;43;0;2.6;5.4;0;2.4;4.8;0;0;0;0;0;1;2.6;0;14;0;0;1.8;0;0;0;0;0;0;0;0;0;0;0;0;0;0;0;0;0;0;0;0;0;0;0;0;0;0;0;0;0;0;0;0;0;0;0;0;0;0;0;0;0;0;0;0;0;0;0;0;0;0;0;0;0;0;0;0;0;0.8;0;0;0;0;0;0;0;0;0;0;0;0;0;0;0;0;0.6;0;0;0;0;0;0;0;0;0;0;0;0;0;0;0;0;1;0;0;0;0;0;0;0;0;4;0;0;0;0;0.4;0;0;0;0;0;0;0;0;0;0;0;0
T1_2400R11;champa;S;vertical;granito;N;160;9.35;50;2400;-0.6428;0.342;15;75;10;0;1;5;0;2393;58;0;42;0;2.6;1;0;4;0;0;0;0;0;0;14.4;0;0;0;0;0;0;0;0;0;0;0;0;0;0;0;0;0;0;0;0;0;0;0;0;0;0;0;0;0;0;0;0;0;0;0;0;0;0;0;0.6;0;0;0;0;0;0;0;0;0;0;0;0;0;0;0;0;0;0;0;0;0;0;0;0;0;0;0;0;0;0.2;0;8.8;0;0;0.4;0;0;0;0;0;2.6;0;0;0;0;0;0;0;0;0;0;0;0;0;0;11.2;0;0;0;0;0;0;0;0.4;0;0;0;0;0;0;0;0;0;0;0;0;0;0;0;0;0;0;0;0
T1_2400R13;champa;N;media;granito;S;140;15.99;35;2400;0.1736;-0.5;10;50;40;0;2;10;0;2491;72;0;28;0;1.4;1.4;0;3.2;17.4;0;0;0;0;0;3.6;0;0;0;0;0;0;0;0;0;0;0;0;0;0;0;0;0;0;0;0;0;0;0;0;0;0;0;0;0;0;0;0;0;0;0;0;0;0;0;7.8;1.2;0;0;0;0;0;0;0;0;0;0;0;0;0;0;0;0;0;0;0;0;0;0;0;0;0;0;0;0;0;0;1.4;0;0;0;0;0;0;0;9;0;0;0;0;0;0;0;0;0;0;0;0;0;0;0;1.4;0;0;0;0;0;0;0;0;0;0;0;0;0;0;0;0;0;0;0;0;0;0;0;0;0;0;0;0
T1_2400R14;champa;N;vertical;granito;N;120;15.4;80;2400;-0.342;-0.5;15;60;20;0;3;10;0;2482;79;9.6;11.4;0;0.6;0;0;1.6;1.8;0;0;0;0;0;1.4;0;0;3.6;0;0;0;0;0;0;0;0;0;0;0;0;0;0;0;1.4;0;0;0;4.6;0;0;0;0;0;0;0;0;0;0;0;0;0;0;0;0;0.4;1.6;0;0;0;0;0;0;0;0;0;0;0;0.4;0;0;0;6.2;0;0;0;0;0;0;3.4;0;0;0;0.2;0;0;0;6.2;0;0;0;0;0;0;0;5.8;0;2.8;0;0;0;0;0;0;0;0;0;2.2;0;0;0;4;0;0;0;0;0;0;0;13.6;0;0;0;0;0;0;0;0;0;0;0;0;0;0;0;0;0;0;0;0
T1_2400R15;champa;N;vertical;granito;S;145;5.18;50;2400;0;-0.342;10;50;35;0;2;10;0;2480;60;0;40;0;0.4;0;0;0;2.2;0;0;0;0;0;8.2;0;0;0;0;0;1;0;0;0;0;0;0;0;0;0;0;0;0;0;0;0;0;0;0;0;0;0;0;0;0;0;0;0;0;0;0;0;0;0;4.4;5.6;0;0;0;0;0;0;0;0;0;0;0;0;0;0;0;0;0;0;0;0;0;0;0;0;0;0;0;0;0;0;6.4;0;0;0;0;0;0;0;11.2;2.4;0;0;0;0;0;0;0;0;0;8.8;0;0;0;0;1;0;0;0;0;0;0;0;0.2;0;0;0;0;0;0;0;0;0;0;0;0;0;0;0;0;0;0;0;0
T1_2400R16;champa;plana;plana;granito;S;140;8.74;15;2400;0;0.9397;10;70;20;1;1;10;0;2479;58;0;42;0;4.4;2.8;0;0.2;1.2;0;0;0;0;0;6.4;0;0;0;0;0;0;0;0;0;0;0;0;0;0;0;0;0;0;0;0;0;0;0;0;0;0;0;0;0;0;0;0;0;0;0;0;0;0;0;0;0;0;0;0;0;0;0;0;0;0;0;0;0;0;0;0;0;0;0;0;0;0;0;0;0;0;0;0;0;0;0;0.4;0;0;0;0;0;0;0;0;4.4;0;0;0;0;0;0;0;0;0;0;0;0;0;0;4;0;0;0;0;0;0;0;0;0;0;0;0;0;0;0;0;0;0;0;0;0;0;0;0;0;0;0;0
T1_2400R17;champa;plana;plana;granito;N;140;6.93;15;2400;-0.1736;0.342;25;65;20;0;0;10;0;2478;58;0;42;0;8.8;3.4;0;2.4;13.2;0;0;0;0.6;0;7;0;0;0;0;0;0.6;0;0;0;0;0;0;0;0;0;0;0;0;0;0;0;0;0;0;0;0;0;0;0;0;0;0;0;0;0;0;0;0;0;0;0;0;0;0;0;0;0;0;0;0;0;0;0;0;0;0;0;0;0;0;0;0;0;0;0;0;0;0;0;0;0;0.8;0;0;0;0;0;0;0;0.2;0;0;0;0;0;0;0;0;0;0;0;0;0;0;0;1.6;0;0;0;0;0;0;0;0;0;0;0;0;0;0;0;0;0;0;0;0;0;0;0;0;0;0;0;0
T1_2400R18;champa;plana;plana;granito;N;140;19.76;5;2400;-0.5;0.866;15;60;20;5;0;5;0;2481;56;0;44;0;2.2;12.6;0;0;15.2;0;0;0;0;0;5.6;0;0;0;0;0;0;0;0;0;0;0;0;0;0;0;0;0;0;0;0;0;0;0;0;0;0;0;0;0;0;0;0;0;0;0;0;0;0;0;0.4;0;0;0;0;0;0;0;0;0;0;0;0;0;0;0;0;0;0;0;0;0;0;0;0;0;0;0;0;0;1.4;0;1.4;0;0;0;0;0;0;0;0;0.8;0;0;0;0;0;0;0;0;0;0;0;0;0;0;1.4;0;0;0;0;0;0;0;0;0;0;0;0;0;0;0;0;0;0;0;0;0;0;0;0;0;0;0;0
T3_2100R4;condorito;plana;plana;granito;S;140;25.08;20;2100;0.4695;0.9816;1;80;0;5;10;5;1;2152;74;0;26;0;3.6;1.4;0;0;0;0;0;0;0;0;0;0;1;0;0;0;6.4;0;0;0;0;0;0;0;0;0;0;0;0;0;0;0;0;0;0;0;0;0;0;0;0;0;0;0;0;0;0;0;0;0;0;3;0;0;0;0;0;0;0;0;0;0;1.2;0;0;0;0;0;0;1.6;0;0;0;0;0;0;0;0;0;0;5.6;0.8;1.6;0;0;0;0;0;0;0;0;0;2;0;0.4;0;0;0;2;0;0;0;0;0.4;0;0;8.8;0;5.4;0;0;0;0;0;0;0;0;0;0;0;0;3.4;0;0;0;0;0;0;0;0;0;0;0;0;0
T3_2100R5;condorito;S;vertical;granito;S;169;9;70;2100;0.4848;0.9397;10;80;0;1;10;20;3;2149;78;0;22;0;8.6;0.8;0;2.2;0;0;0;0;0;0;0;0;0;0.8;0;0;2.2;0;0;0;0;0;0;0;0;0;0;0;0;0;0;0;0;0;0;0;0;0;0;0;0;0;0;0;0;0;0;0;0;0;0.8;2.8;0;0;0;0;0;0;0;0;0;0;0;0;0;0;0;0;0.2;0;0;0;0;0;0;0;0;0;0;0;0;0;16;0;0;0;0;0;0.8;0;0;0;2.4;0;0;0;0;0;0;0;0;0;0;0;0;0;14;0;3;0;0;0;0;0;0;0;0;0;0;0;0;0;0;0;0;0;0;0;0;0;0;0;0;0;0
T3_2100R9;condorito;S;vertical;granito;S;80;21;80;2100;0.866;0.6428;20;40;15;20;20;20;15;2141;79;2;19;0;1;0;0;0.6;0;0;0;0;0;0;0;0;0;0;0.8;0;1.2;0;0;0;0;0;0;0;0;0;0;0;0;0;0;0;0;2.2;0;0;0;0;0;0;0;0;0;0;0;0;0;0;0;0;0;0.8;0;0;0;0;0;0;1.2;0;0;0;0;0;0;0;0;1.4;0;0;0;0;0;0;0;0;0;0;0;0;0;0;11.4;0;0;0;0;0;0;0;0;0;1.2;1;1.2;0;0;0;0;0;0;0;0;0;1.6;0;9;0;14.6;0;0;0;0;0;0;0;0;0;0;0;0;0;0;0;0;0;0;0;0;0;0;4;0;0;0
T3_2100R10;condorito;S;media;granito;S;120;9;35;2100;0.866;0.9925;50;40;1;1;5;20;30;2140;66;0;34;0;1.2;1.8;0;4.2;0;0;0;0;0.2;0;3.2;0;0;0.4;0;0;5.2;0;0;0;0;0;0;0;0;0;0;0;0;0;0;0;0;0;0;0;0;0;0;0;0;0;0;0;0;0;0;0;0;0;0;0.8;0;0;0;0;0;0;0;0;0;0;0;0;0;0;0;1.2;0.8;0;0;0;0;0;0;0;0;0;0;0;0;0;5.8;0;0;0;3.2;0;0.4;0;0;0;0;0;0;0;0;0;0;0;0;0;0;0;0;0;6.8;0;1.2;0;0;0;0;0;0;0;0;0;0;0;0;0;0;0;0;0;0;4;0;0;0;1.2;0;0;0
T3_2100R14;condorito;S;media;granito;S;164;13.41;35;2100;0.9848;0.9816;3;60;0;5;10;10;40;2148;82;0;18;0;7.4;3.6;0;2.8;0;0;0;0;0;0;0;0;1.4;2;1.8;0;4.8;0;0;0;0;0;0;0;0;0;0;0;0;0;0;0;0;0;0;0;0;0;0;0;0;0;0;0;0;0;0;0;0;0;0;6;0;0;0;0;0;0;0;0;0;0;0;0;0;0;0;0.8;0;0;0;0;0;0;1.2;0;0;0;0;0;3;0;4.4;0;0;0;0;0;0;0;0;0;1;0;1.8;0;0;0;0;0;0;0;0;3.4;0;0;8.8;0;5.2;0;0;0;0;0;0;0;0;0;0;0;0;0;0;0;0;0;0;0;0;0;0;0;0;0;4
T3_2100R18;condorito;plana;plana;granito;S;156;9;10;2100;0.866;-0.766;0;70;0;15;15;10;0;2152;50;0;50;0;0.4;0;0;0.6;0;0;0;0;0;0;0;0;0;0;1.2;0;4.6;0;0;0;0;0;0;0;0;0;0;0;0;0;0;0;0;0;0;0;0;0;0;0;0;0;0;0;0;0;0;0;0;0;0;0;0;0;0;0;0;0;0;0;0;0;0;0;0;0;0;0;0;0;0;0;0;0;13;0;0;0;0;0;0;0;0;0;0;0;0;0;0;0;0;0;0;0;0.2;0;0;0;0;0;0;0;0;0;1.2;0;4.8;0;17;0;0;0;0;0;0;0;0;0;0;0.4;0;0;0;0;0;0;0;0;0;0;0;0;0;0;0
T4_1800R1;linderos;N;vertical;gneiss;N;145;13;60;1800;-0.9397;-0.9511;40;40;5;1;10;10;30;1833;80;4;16;0;0.8;3.2;0;1.6;0;0;0;0;3;0;0;0;0;4.8;0;0;8.8;0;0;0;0;0;0;0;0;0;0;0;0.6;0;0;0;0;0.2;0;0;0;0;0;0;0;0;0;0;0;0;0;0;0;0;0;0;0;0;0;18;0;0;0;0;0;0;0;0;0;0;0.4;0;0;1;0;0;0;0;1.6;0;0;0;0;0;0;0;0;0;0;0;0;0;0;0;0;0;0.8;0;0.8;0;0;0;0;0;0;0;0;0;0;0.2;2.2;0;0.4;0;0;0;0;0;0.6;0;0;0;0;0;0;0;0;0;0;0;0;0;0;0;0;0;0;0;0
T4_1800R2;linderos;plana;plana;gneiss;N;165;8.3;20;1800;-0.1736;-0.766;10;50;0;5;5;10;25;1836;92;0;8;0;3.8;1.4;1.2;13.4;0;0;0;0;0;0;0;0;0;6.2;0;0;2.2;0;0;0;0;0;0;0;0;0;0;0;0;0.4;0;0;0;0;0;0;0;0;0;0;0;0;0;0;0;0;0;0;0;0;0.2;5.8;0;0;0;18.8;0;0;0;0;0;0;0;0;0;0;0;0;0;0;0;0;0;0;0;0;0;0;0;0;0;0;0;0;0;0;0;0;0;0;0;0;0;0;0;0;0.4;0;0;0;0;0;0;0;0;0.8;0.4;0;1.2;0;0;0;0;0;0;0.2;0;0;0;0;0;0;0;0;0;0;0;0;0;0;0;0;0;0;0
T4_1800R3;linderos;S;vertical;gneiss;N;150;6.4;90;1800;-0.1736;0.6428;15;60;0;15;1;5;5;1834;83;0;17;0;0.2;0;0;3.2;0;0;0;0;0;0;0;0;0;0;0;0;12.6;0;0;0;0;0;0;0;0;0;0;0;0;0;0;0;0;0;0;3.2;0;0;0;0;0;0;0;0;0;0;0;0;0;0;0;2.2;0;0;0;1.2;0;0;0;0;0;0;0;0;0;0;1.8;0;0.6;1.8;0;0;0;0;0;0;0;0;0;0;0;0.4;0;0;0;0;0;2.4;0.8;0;0;0;3.6;0;0;0;0.2;0;0;0;0;0;0;0;2.6;19.2;0;0;3.4;0;0;0;0;0;0;0;0;0;0;0;0;0;0;0;0;0;0;0;0;0;0;0;0;0;0
T4_1800R4;linderos;S;vertical;gneiss;S;100;7.8;80;1800;0.5;0.6428;5;50;0;10;2;10;30;1799;84.2;0;15.8;0;3.8;3.8;0;12.4;0;0;0;0;3;0;0;0;0;0;0;0;11.6;0;0;0;0;0;0;0;0;0;0;0;0;0.4;0;0;0;0;0;0;0;0;0;0;0;0;0;0;0;0;0;0;0;0;0;8.4;0;0;0;2.4;0;0;0;0;0;0;0;0;0;0;0;0;0;0;0;0;0;0;0;0;0;0;0;0;0;3;0;0;0;0;0;0;0;0;0;0;0;0;0;0;0;0;0;0;0;0;0;0;0;0;2.8;0;0.8;0;0;0;0;0;0;0;0;0;0;0;0;0;0;0;0;0;0;0;0;0;0;0;0;0;0
T4_1800R5;linderos;plana;plana;gneiss;S;150;12.04;15;1800;0.9659;0.9659;15;50;50;75;10;10;0;1794;84;16;28;0;2.8;1.2;0.2;19;5.4;0;0;0;0.8;0;0;0;1.2;2.2;0;0;12.2;0;0;0;0;7.4;0;0;0;0;0;0;1;0;0;0;0;0;0;0;0;0;0;0;0;0;0;0;0;0;0;0;0;0;0.6;1;0;0;0;9.6;0;0;0;0;0;0;0.8;0;0;0;4.4;0;0;0;0;0;0;0;0;0;0;0;0;0;0;0;0;0;0;0;0;0;0;0;0.2;0;0;0;0;0;0;0;0;0;1;0;0;0;0.6;0;2;0;1;0;0;0;0;0;0;0;0;7.6;0;0;0;0;0;0;0;0;0;0;0;0;0;2;0;0;1.2
T4_1800R6;linderos;N;media;gneiss;N;171;8.19;40;1800;-0.5;-0.866;2;70;2;15;1;5;5;1794;81;0.4;18.6;0;1.8;2.2;0;1.8;0;0;0;0;0.2;0;0;0;0;18.6;0;0;2.8;0;0;0;0;0;0;0;0;0;0;0;0.6;0.2;0;0;0;0;0;0;0;0;0;0;0;0;0;0;0;0;0;0;0;0;3.2;3.4;0;0;0;0.6;0;0;0;0;0;0;3;0;0;0;0;0;0;0;0;0;0;0;0;0;0;0;0;0;0;1;0;0;0;0;0;0;0;0;0;0;0.6;0;0;0;0;0;0;0;0;0;0;0;0;0;1.8;0;1.8;0;0;0;0;0;1.6;0;0;0;0;0;0;0;0;0;0;0.2;0;0;0;0;0;0;0;0;0
T4_900R9;linderos;S;media;gneiss;N;150;20.7;40;900;0;0.5;0;80;10;5;2;2;0;940;72;10;18;0;0.4;1;0;9.6;0;0;0;0;0;0;0;0;5.2;3.8;0;0;1.4;0;0;0;0;0;0;0;0;0;0;3.8;0;0;0;0;0;0;0;0;0;0;0;0;0;0;0;0;0;0;0;0;0;0;0;0;0;0;0;9.6;0;0;2.2;0;0;0;0;0;0;0;14.8;0;0;0;0;0;0;0;0;0;0;0;0;0;0;0;0;0;0;0;0;0;0;2.2;0;0;0;0;0;0;0;0;0;0;0;0;0;0;0;0;0;0;9;0;0;0;0;0;0;1.8;0;0.4;0;0;0;0;0;0;0;0;0;0;0;0;0;3.4;0;0;0
T4_900R10;linderos;plana;plana;gneiss;S;153;23.026;5;900;0.5;0.1736;20;45;20;15;0;5;0;930;68;0;32;0;1.8;2.6;0;14.4;0;0;0;0;0;0;0;0;2;0.4;0;0;0.4;0;0;0;0;1;0;0;0;0;0;2.2;0;0;0;0;0;0;0;0;0;0;0;0;0;0;0;0;0;0;0;0;0;0;0;0;0;0;0;6.6;0;0;0;0;0;0;0;0;0;0;3.4;0;0;0;0;0;0;0;0;0;0;0;0;0;0;0;0;0;0;0;0;0;0;0;0;0;0;0;0;0;0;0;0;0;0;0;0;0;0;0;0;0;2.2;0;0;0;0;0;0;6.6;0;5.8;0;0;0;0;0;0;0;0;0;0;0;0;0;2;0;0;0
T4_900R7;linderos;S;vertical;gneiss;S;130;25.53;80;900;0.6428;0.766;30;40;20;10;2;5;0;935;81.6;3;15.4;0;0.4;0;0.2;2.6;0;0;0;0;0;0;0;0;0.6;0.4;0;0;0.2;0;0;0;0;0;0;0;0;0;0;0.8;0;0;0;0;0;0;0;0;0;0;0;0;0;0;0;0;0;0;0;0;0;0;0;0;0;0;0;0.4;0;0;9.8;0.4;0;0;0;0;0;0;23.6;0;0;0;0;0;0;0;0;0;0;0;0;0;0;0;0;0;0;0;0;0;0;6.4;0;0;0;0;0;0;0;0;0;0;0;0;0;0;0;0;0;0;2;0;0;0;0;0;0;0;0;2.2;0;0;0;0;0;0;0;0;0;0;0;0;0;0.4;0;0;0
T4_900R6;linderos;S;media;gneiss;S;130;24.7;35;900;0.6428;0.5;25;40;25;10;2;5;0;933;79;1;20;0;0.8;1.4;0.4;8;0;0;0;0;0;0;0;0;9.8;0;0;0;0;0;0;0;0;0.6;0;0;0;0;0;2;0;0.4;0;0;0;0;0;0;0;0;0;0;0;0;0;0;0;0;0;0;0;0;0;0;0;0;0;14.2;0;0;0.2;0;0;0;0;0;0;0;6.4;0;0;0;0;0;0;0;0;0;0;0;0;0;0;0;0;0;0;0;0;0;0;3;0;0;0;0;0;0;0;0;0;0;0;0;0;0;0;0;0;0;0.4;0;0;0;0;0;0;0;0;6.2;0;0;0;4;0;0;0;0;0;0;0;0;0;8;0;0;0
T4_900R4;linderos;S;media;gneiss;N;145;11.2;45;900;0;0.342;20;60;10;5;0;5;0;932;78;3.4;18.6;0;2.8;1.2;0;11;0;0;0;0;0;0;0;0;5.8;3.6;0;0;0;0;0;0;0;0;0;0;0;0;0;1.4;0;0;0;0;0;0;0;0;0;0;0;0;0;0;0;0;0;0;0;0;0;0;0;0;0;0;0;12.4;0;0;0.6;0;0;0;0;0;0;0;9.8;0;0;0;0;0;0;0;0;0;0;0;0;0;0;0;0;0;0;0;0;0;0;2.2;0;0;0;0;0;0;0;0;0;0;0;0;0;0;0;0;0;0;3.6;0;0;0;0;0;0;0;1.2;4.4;0;0;0;0;0;0;0;0;0;0;0;0;0;0;0;0;4.8
T4_900R1;linderos;S;vertical;gneiss;N;155;3.9;75;900;-0.5;0.6428;5;30;10;5;0;30;30;970;65;0;23;0;0.4;0;2.2;8.4;0;0;0;0;0;0;0;0;0;3.6;0;0;1;0;0;0;0;0;0;0;0;0;0;0;0.6;0;0;0;0;0;0;0;0;0;0;0;0;0;0;0;0;0;0;0;0;0;0;0;0;0;0;4.6;0;0;0;0;0;0;0;0;0;0;0;0;0;0;0;0;0;0;0;0;0;0;0;0;0;0;0;0;0;0;0;0;0;12.2;0;0;0;0;0;0;0;0;0;0;0;0;0;0;0;0;0;0;1;0;0;0;0;0;0;0;0;6.6;0;0;0;0;0;0;0;7.6;0;0;0;0;0;0.4;0;0;0
T4_1800R7;linderos;S;vertical;gneiss;N;155;48.4;80;1800;-0.866;0.9848;10;25;5;20;10;15;15;1790;80;0;20;0;5.8;2.8;4.4;14.2;2.2;0;0;0;0.6;0;0;0;0;1.8;0;0;1.2;0;0;0;0;0;0;0;0;0;0;0;0;0;0;0;0;0;0;0;0;0;0;0;0;0;0;0;0;0;0;0;0;0;0.8;8.2;0;0;0;4;0;0;0;0;0;0;0;0;0;0;0.2;0;0;0;0;0;0;0;0;0;0;0;0;0;0;1.6;0;0;0;0;0;0;0;0;1.6;0;0;0;0;0;0;0;0;0;2.8;0;0;0;0;0;5.2;0;3.6;0;0;0;0;0;0;0;0;0;0;0;0;0;0;0;0;0;0;0;0;0;0;0;0;0;0
T4_1800R9;linderos;S;vertical;gneiss;N;140;16.64;80;1800;-0.6428;0.866;20;60;5;5;5;20;40;1814;78;1;28;0;7;2;0;12.8;1.6;0;0;0;0;0;0;0;0;4.4;0;0;15.6;0;0;0;0;0;0;0;0;0;0;0;0;0.6;0;0;0;0;0;0;0;0;0;0;0;0;0;0;0;0;0;0;0;3.2;2.2;3.8;0;0;0;12.2;0;0;0;0;0;0;0;4;0;0;2;0;1.2;3.2;0;0;0;0;3.4;0;0;0;0;0;0;0.8;0;0;0;0;0;2.6;0;0;0.6;0;2;0;0;0;3.6;0;0;0;1.2;0;0;0;1.8;0;1;0;6.2;0;5.8;0;0;0;0;2.8;0;0;0;0;0;0;0;0;0;0.4;0;0;0;0;0;3.2;0;0;0
T4_1800R10;linderos;N;vertical;gneiss;S;130;12.41;75;1800;0.5;-0.766;15;60;2;2;1;10;10;1796;88.6;2.4;9;0;0.2;0;0;1.4;0;0;0;0;0;0;0;0;0;5.8;0;0;0.2;0;0;0;0;0;0;0;0;0;0;0.8;0;1.2;0;0;0;0;0;0;0;0;0;0;0;0;0;0;0;0;0;0;0;0;1;1.2;0;0;0;1.2;0;0;1.4;0;0;0;0;0.6;0;0;0.2;0;0;5.6;0;0;0;0;4.2;0;0;0;0;0;0;0;0;0;0;0;0;0;0;0;0;0;0;0;0;0;0;0;0;0;0;0;0;0;0;0;0;0;4;0;0;0;0;0;1.8;0;0;0;0;0;0;0;0;0;0;0;0;0;0;0;0;0;0;0;0
T4_1800R8;linderos;plana;plana;gneiss;N;170;18.27;8;1800;-0.6428;-0.866;5;70;0;8;3;7;7;1797;80.4;0.2;19.4;0;2;2.4;0;7.8;0;0;0;0;0;0;3.8;0;0;13;0;0;1.6;0;0;0;0;0;0;0;0;0;0;0;0;0;0;0;0;0;0;0;0;0;0;0;0;0;0;0;0;0;0;0;0;0;0.4;8.6;0;0;0;14.6;0;0;0;0;0;0;0.8;0;0;0;0;0;0;0;0;0;0;0;0.8;0;0;0;0;0;0;3.6;0;0;0;0;0;0;0;0;0;2;0.2;0;0;0;0;0;0;0;0;0;0;0;1.2;0;2.6;0;2.2;0;0;0;0;0;0.4;0;0;0;0;0;0;0;0;0;0;0.4;0;0;0;0;0;0;0;0;0
T4_180011;linderos;N;media;gneiss;N;153;5.16;45;1800;-0.9848;-0.766;50;30;0;1;1;5;20;1826;91.8;0;8.2;0;2;3.2;0;12.6;5;0;0;0;0;0;0;0;0;11.4;0;0;0;0;0;0;0;0;0;0;0;0;0;0;0;0;0;0;0;0;0;0;0;0;0;0;0;0;0;0;0;0;0;0;0;0;0;3.4;0;0;0;15.8;0;0;0;0;0;0;0;3;0;0;0;0;0;0;0;0;0;0;0;0;0;0;0;0;0;0;0;0;0;0;0;0;0;0;1.2;0;0;0;0;0;1.4;0;0;0;0;0;0;0;0.4;0;0;0;0;0;0;0;0;0;0;0;0;0;0;0;0;0;0;0;0;0;0;0;0;0;0;0;0;0;0
T4_1800R12;linderos;N;vertical;gneiss;N;100;24.86;80;1800;-1;-0.9397;20;60;0;2;2;5;15;1821;70;6.4;23.6;0;1.8;3.6;0;4.2;0;0;0;0;0;0;0;0;0;6.2;0;0;1;0;0;0;2.6;0;0;0;0;0;0;0;0;0;0;0.4;0;0.4;0;0;0;1.2;0;0;0;0;0;0;0;0;0;7;0;0;0;6.6;0;0;0;9.2;0;0;0.8;0;0;0;0;0;0;0;1;0;0;0;0;0;0;0;6.4;0;0;0;0;0;0;0;0;0;0;0;0;0;0;0;0;0;2.6;0;0;0;2.2;0;0;0;0;0;0;0;0;0;5;0;4.4;0;0;0;0;0;0;0;0;0;0;0;0;0;0;0;0;0;0;0.8;0;0;0;0;0;0;0
T4_1800R13;linderos;plana;plana;gneiss;N;165;6.3;15;1800;-0.342;0.866;10;75;5;0;2;10;5;1830;95.4;0.4;4.2;0;13.4;3.2;2.2;2.6;16.6;0;0;0;0;0;0;0;0.4;11.4;0;0;2.2;0;0;0;0;0;0;0;0;0;0;0;0;0;0;0;0;0;0;0;0;0;0;0;0;0;0;0;0;0;0;0;0;0;0;3;0;0;0;16.6;0;0;0;0;0;0;0;0;0;0;0;0;0;0;0;0;0;0;0;0;0;0;0;0;0;0;0;0;0;0;0;0;0.8;0;0.4;0;0;0;0;0;0;0;0;0;0;0;0;0;0;1.4;7.8;0;1.2;0;0;0;0;0;0;0;0;0;0;0;0;0;5.4;0;0;0;0;0;0;0;0;0;0;0;0
T4_1800R14;linderos;N;media;gneiss;N;160;7.28;40;1800;-0.766;-0.9397;15;60;0;5;1;10;15;1832;93.4;0;6.6;0;0.8;1;0;6;8.6;0;0;0;0;0;0;0;0;1.8;0;0;1.2;0;0;0;0;0;0;0;0;0;0;0;0;0;0;0;0;0;0;0;0;0;0;0;0;0;0;0;0;0;0;0;0;0;0;6.6;0;0;0;11;0;0;0;0;0;0;0;0;0;0;0;0;1;0;0.4;0;0;0;0;0;0;0;0;0;0;0;0;0;0;0;0;0;1.2;0;0;0;3;0;0;0;1;0;0;0;0;0;0;0;0;0;5.2;0;1.6;0;0;0;0;0;0;0;0;0;0;0;0;0;0;0;0;0;0;0;0;0;0;0;0;0;0
T4_1800R15;linderos;plana;plana;gneiss;S;160;15.81;2;1800;0.9848;0.766;10;70;0;10;1;10;5;1855;67;8;25;0;3;0;0;3;9.6;0;0;0;0;0;0;0;0.6;8;0;0;1;0;0;0;0;0;0;0.8;0;0;0;0;0;0.4;0;0;0;0;0;0;0;0;0;0;0;0;0;0;0;0;0;0;0;0;0;3.8;0;0;0;5.4;0;0;0;0;0;0;0;0;0;0;0;0;0;0;0;0;0;0;0;0;0;0;0;0;0;0;0;0;0;0;0;0;0.6;0;0.2;0;0;0;0;0;0;0;0;0;0;0;0;0;0.8;0;0;0;0;0;0;0;0;0;0;0;0;0;0;0;0;0;0.8;0;0;8;0;0;0;0;0;0;0;0;0
T4_1800R16;linderos;S;vertical;gneiss;S;165;8.8;55;1800;0.1736;0.342;20;45;2;1;1;5;30;1840;94;1;5;0;8;5.2;0;4.2;11.4;0;0;0;0;0;0;0;0;7.6;0;0;3.6;0;0;0;0;0;0;0;0;0;0;0;0;0.8;0;0;0;0;0;0;0;0;0;0;0;0;0;0;0;0;0;0;0;0;0.4;4.4;0;0;0;19.6;0;0;0;0;0;0;0;0;0;0;0;0;1.2;0;0;0;0;0;0;0;0;0;0;0;0;0;0;0;0;0;0;0;0;0;0.4;0;0;0;0;0;0;0;0;0;0;0;0;0;1.2;0;0;0;0;0;0;0;0;0;0;0;0;0;0;0;0;0;0;0;0;0;0;0;0;0;0;0;0;0;0
T4_1800R17;linderos;S;vertical;gneiss;S;165;5.1;50;1800;0.6428;0.866;25;45;2;10;1;5;20;1824;89.2;0;10.8;0;5.4;2.2;6.4;1.6;1.6;0;0;0;0;0;0;0;0;7;0;0;3.8;0;0;0;0;0;0;0;0;0;0;0;0;0;0;0;0;0;0;0;0;0;0;0;0;0;0;0;0;0;0;0;0;0;0;0.4;0;0;0;12.2;0;0;0;0;0;0;0;0;0;0;0;0;0.4;0;0;0;0;0;0;0;0;0;0;0;0;0;0.8;0;0;0;0;0;0;0;1.4;0;0.2;0;0;0;0;0;0;0;0;0;0;0;0;1.6;1.6;0;1.8;0;0;0;0;0;0;0;0;0;0;0;0;0;0;0;0;0.4;0;0;0;0;0;0.6;0;0;0
T4_1800R18;linderos;plana;plana;gneiss;N;165;6.8;15;1800;-0.342;0.766;50;35;1;2;1;5;10;1814;94.8;0;4.6;0;8.8;7.4;0;2.2;16.8;0;0;0;0;0;0;0;0.8;4.6;0;0;1.8;0;0;0;0;0;0;0;0;0;0;0;0;0;0;0;0;0;0;0;0;0;0;0;0;0;0;0;0;0;0;0;0;0;0;1.8;0;0;0;7.8;0;0;0;0;0;0;0;0;0;0;0;0;0.2;0;0;0;0;0;0;0;0;0;0;0;0;0;0;0;0;0;0;0;0;0;0;0;0;0;0;0;0;0;0;0;0;0;0;0;0;0;0;0;0;0;0;0;0;0;0;0;0;0;0;0;0;0;0;0;0;0;0;0;0;0;0;0;0;0;0
T4_2100R2;linderos;N;media;gneiss;S;120;16.74;45;2100;0.6428;-0.342;10;80;0;1;2;2;7;2133;93.8;0;6.2;0;9.2;6.2;0;2;15.6;0;0;0;0;0;0;0;0.4;1.8;0;0;0.6;0;0;0;0;0;0;0;0;0;0;0;0;0;0;0;0;0;0;0;0;0;0;0;0;0;0;0;0;0;0;0;0;0;0;7.6;0;0;0;7.8;0;0;0;0;0;0;0;0;0;0;0;0;0;0;0;0;0;0;0;0;0;0;0;0;0;0;0.6;0;0;0;0;0;0;0;4.2;0;0;0;0;0;0;0;0.4;0;0;0;0;0;0;0;6.8;0;0.8;0;0;0;0;0;0.2;0;0;0;0;0;0;0;0;0;0;0;0;0;0;0;0;0.2;0;0;0
T4_2100R3;linderos;S;vertical;gneiss;S;160;6.65;50;2100;0.866;0.6428;8;75;1;3;1;5;10;2132;76;0;24;0;15.8;16.8;0;1.4;5.8;0;0;0;0;0;0;0;0.2;1.2;0;0;1.8;0;0;0;0;0;0;0;0;0;0;0;0;0;0;0;0;0;0;0;0;0;0;0;0;0;0;0;0;0;0;0;0;0;0;1.4;0;0;0;6.8;0;0;0;0;0;0;0;0;0;0;0;0;0;0;0;0;0;0;0;0;0;0;0;0;0;0;0;0;0;0;0;0;0;0;1.6;0;0;0;0;0;0;0;0;0;0;0;0;0;0;0;3.2;0;0;0;0;0;0;0;0;0;0;0;0;0;0;0;0.8;0;0;0;0;0;0;0;0;0;0;0;0
T4_2100R4;linderos;S;vertical;gneiss;S;160;25.2;80;2100;0.766;0.9397;10;70;1;15;1;5;10;2140;78;1;21;0;4.2;1;1.4;4;2.6;0;0;0;0;0;0;0;0;5.2;0;0;0;0;0;0;0;0;0;0;0;0;0;0;0;1.4;0;0;0;0.6;0;0;0;0;0;0;0;0;0;0;0;0;0;0;0.4;0;0;6.8;0;0;0;6.2;0;0;0;0;0;0;0;0;0;0;0;0;1.6;3.4;0;0;0;0;0;0;0;0;0;0;0;1;3.2;0;0;0;0;0;0;0;0.8;0;1.2;0;0;0;0;0;0;0;0;0;0;0;0;0;11.4;0;3.6;0;0;0;0;0;1.2;0;0;0;0;0;0;0;1.6;0;0;0;0;0;0;0;0;0;0;0;0
T4_2100R5;linderos;S;vertical;gneiss;S;150;7.92;80;2100;0.1736;0.9848;25;70;3;1;1;0;0;2112;68;4;28;0;4;7;0;0;5;0;0;0;0;0;0;0;0;5.4;0;0;1.4;0;0;0;0;0;0;0.2;0;0;0;0;0;1.2;0.4;0;0;0.8;0;0;0;0;0;0;0;0;0;0;0;0;0;0;0;0;0;1.4;0;0;0;3.2;0;0;3.4;0;0;0;0;0;0;0;0;0;2.8;0;0;0;0;0;0;0;0;0;0;0;0;0;5.4;0;0;0;0;0;0;0;0;0;6.2;0;0;0;0;0;0;0;0;0;0;0;0;2.6;3;0;5.6;0;0;0;0;0;0;0;1.2;0;0;0;1;0;1.4;0;0;0;0;0;0;0;0;0;0;0;0
T4_2100R6;linderos;S;vertical;gneiss;S;155;8.14;90;2100;0.9848;0.9848;10;55;0;10;1;5;20;2147;78;5;17;0;13.2;0.2;0;5.2;2.6;0;0;0;0;0;0;0;0;3.4;0;0;4.6;0;0;0;0;0;0;0;0;0;0;0;0;4.2;1.2;0;0;0;0;0.8;0;0;0;0;0;0;0;0;0;0;0;2;0;0;0;6;0;0;0;3;0;0;0;0;0;0;0;0;0;0;0;0;2;0;0;0;0;0;0;0;0;0;0;0;0;0.8;8.8;0;0;0;0;0;0;0;0;0;1.6;0;0;0;0;0;0;0;0;0;0;0;4.8;0;1.6;0;5.6;0;0;0;0;0;0;0;0;0;0;0;0;0;0;0;0;0;0;0;0;0;0;0;0;0;0
T4_2100R7;linderos;S;media;gneiss;S;140;10.4;45;2100;0.9397;0.342;10;80;0;5;2;3;5;2141;72;0;28;0;8.2;7.4;0;2.4;5.6;0;0;0;0;0;0;0;0;1.2;0;0;3;0;0;0;0;0;0;0;0;0;0;1.6;0;0.8;0;0;0;0;0;0;0;0;0;0;0;0;0;0;0;0;0;0;0;0;0;9.4;0;0;0;7.2;0;0;0;0;0;0;0;0;0;0;0;0;0;0;0;0;0;0;0;0;0;0;0;0;1.4;0;0.4;0;0;0;0;0;0;0;0.4;0;0;0;0;0;0;0;0;0;0;0;0;0;0;0;3.4;0;0.2;0;0;0;0;0;0;0;0;0;0;0;0;0;0.4;0;0;0;0;0;0;0;0;0.4;0;0;0.4
T4_2100R8;linderos;S;media;gneiss;N;130;8.8;40;2100;-0.5;0.5;5;75;0;2;2;5;15;2134;80;0;20;0;6.6;0.4;7.2;5.2;4.2;0;0;0;0;0;0;0;0.6;2.4;0;0;1.8;0;0;0;0;0;0;0;0;0;0;0;0;1.4;0;0;0;0;0;0;0;0;0;0;0;0;0;0;0;0;0;0;0;0;0;6;0;0;0;12.6;0;0;0;0;0;0;0;0;0;0;0;0;0;0;0;0;0;0;0;0;0;0;0;0;0;0;0;0;0;0;0;0;0.8;0;1.4;0;0;0;0;0;0;1;0;0;0;0;0;0;0;0;6.2;0;0.8;0;0;0;0;0;1.2;0;0;0;0;0;0;0;2;0;0;0;0;0;0;0;0;0.8;0;0;0
T4_2100R9;linderos;N;media;gneiss;N;145;4.9;45;2100;-0.5;-0.9397;5;80;0;5;1;2;10;2144;96;0;4;0;4;5.4;0;14.6;15.2;0;0;0;0;0;0;0;0;1.2;0;0;1;0;0;0;0;0;0;0;0;0;0;0;0;2.2;0;0;0;0;0;0;0;0;0;0;0;0;0;0;0;0;0;0;0;0;1.4;1.2;0;0;0;7;0;0;0;0;0;0;0;0;0;0;0;0;0;0;0;0;0;0;0;0;1.6;0;0;0;0;0;0;0;0;0;0;0;0;0;1.8;0;0;0;0;0;4.6;0;0;0;0;0;0;0;0;0;0.4;0;0.4;0;0.2;0;0;0;0.2;0;0;0;0;0;0;0;0;0;0;0;0;0;0;0;0;0;0;0;0
T4_2100R10;linderos;plana;plana;gneiss;S;135;7.36;0;2100;0.9848;0.9848;10;45;0;15;1;5;25;2152;60;4;36;0;0.8;0.4;0;0;0.6;0;0;0;0;0;0;0;0;8;0;0;0;0;0;0;0;0;0;0;0;0;0;0;0;0;0;0;0;0;0;0;0;0;0;0;0;0;0;0;0;0;0;0;0;0;0;7.4;0.8;0;0;0;0;0;0;0;0;0;0;0;0;0;0;0;0;13.6;0;0;0;0;1.6;0;0;0;0;0;0;1.2;0;0;0;0;0;0;0;0;2.2;0;0;0;0;0;0;1.6;0;0;0;0;0;0;0;0;7.4;0;9;0;0;0;0;0;0;0;0.8;0;0;0;0;0;0;0;0;0;0;0;0;0;0;0;0;0;0
T4_2100R11;linderos;plana;plana;gneiss;S;165;9.62;8;2100;0.866;0.6428;10;30;0;10;1;5;50;2148;66;6;26;0;0.8;0;0;7.6;5.6;0;0;0;0;0;0;0;0;6;0;0;0.8;0;2.2;0;0;0;0;0;0;0;0;0;0;1.6;0;0;0;0;0;0;0;0;0;0;0;0;0;0;0;0;0;0;0;0;0;9.4;0;0;0;0;0;0;0;0;0;0;0;0;0;0;0;0;0;1.2;0;0;0;0;3.2;0;0;0;0;0;0;0;0;0;0;0;0;0;0;0;0;0;0;0;0;0;0.4;0;0;0;0;0;0;0;1.2;0;1.8;0;11;0;0;0;0;0;0;0;0;0;0;0;0;0;0;0;0;0;0;0;0;0;0;0;0;0;0
T4_2100R13;linderos;plana;plana;gneiss;S;130;6.15;8;2100;1;0.866;2;80;0;10;1;5;5;2153;52;5;43;0;0.6;1.2;0;2.6;0;0;0;0;1.4;0;0;0;0;8.6;0;0;0.4;0;0;0;0;0;0;0;0;0;0;0;0;0;0;0;0;0;0;0;0;0;0;0;0;0;0;0;0;0;0;0;0;0;0;7.4;0;0;0;2;0;0;0;0;0;2;0;0;0;0;0;0.4;0;2.4;0;0;0;0;4.8;0;0;0;0;0;0;2.4;0;0;0;0;0;0;0;0;0;0;0;0;0;0;3.6;0;0;0;0;0;0;0.2;1.4;0;0;0;9.6;0;0;0;0;0;0;0;0;0;0;0;0;0;0;0;0;0;0.8;0;0;0;0;0.4;0;0;0
T4_2100R15;linderos;N;vertical;gneiss;N;115;19.25;90;2100;-0.9397;-0.9397;35;55;0;10;3;5;5;2145;84;7;9;0;1.4;0.8;0;6.4;0;0;0;0;0;0;0;0;0;7.4;0;0;0;0;0;0;0;0;0;0;0;0;0;0;0;0.4;0;0;0;0;0;0;0;0;0;0;0;0;0;0;0;0;0;1.6;0.8;0;0;6.6;0;0;0;1;0;0;1;0;0;3.6;0;0;0;0;0;3.8;0;4.8;0;0;0.8;0;16.8;0;0;0;0;0;0;3.4;0;0;0;0;0;0;0;0;1;0;0;0;2.4;0;2.2;0;0;0;0;0;0;0;2.8;0;3;0;3;0;1;0;0;2.2;5.2;0;0;0;0;0;0;0;0;0;0;0;0;0;0;0;0;0;0;0;0
T4_2100R16;linderos;plana;plana;gneiss;S;160;6.3;5;2100;0.342;-0.6428;20;50;0;15;3;3;15;2142;64;7;29;0;0.2;0;0;0.4;0;0;0;0;0;0;0;0;0;6.6;0.4;0;0;0;0;0;0;0;0;0;0;0;0;0;0;2.6;0;0;0;0;0;0;0;0;0;0;0;0;0;0;0;0;0;0;0;0;0;4.4;6;0;0;1.4;0;0;2;0;0;0;0;0;0;0;0;0;0;5.2;0;0;0;0;0;0;0;0;0;0;0;0.8;1;0;0;0;0;0;0;0;0;0;0;0;0;0;0;0;0;0;0;0;0;0;0;0;3;0;9.6;0;0;0;0;0;0;0;0;0;0;0;0;0;0.6;0;0;0;0;0;0;0;0;0;0;0;0
T4_2100R17;linderos;plana;plana;gneiss;N;160;7;8;2100;-1;-0.866;10;55;1;10;1;0;25;2136;93;0;7;0;9.2;0.8;0;1.6;2.8;0;0;0;2.2;0;0;0;0;6.2;0;0;4.6;0;0;0;0;0;0;0;0;0;0;0;0;0;0;0;0;0;0;0;0;0;0;0;0;0;0;0;0;0;0;0;0;0;0;4.4;0;0;0;5.8;0;0;0;0;0;0;0;0;0;0;0;0;0;0;0;0;0;0;0;0;0;0;0;0;0;0;0;0;0;0;0;0;0;0;0;0;0;0;0;0;0.8;0;0;0;0;0;0;0;4;0;0;0;0;0;0;0;0;0;0;0;0;0;0;0;0;0;0;0;0;0;0;0;0;0;0;0;0;0;0
T4_2100R18;linderos;N;vertical;gneiss;N;120;13.65;80;2100;-0.6428;-0.6428;5;75;0;10;2;5;10;2137;90.8;2.4;6.8;0;0.4;3.6;0;16.6;4.4;0;0;0;0;0;0;0;0;3.6;0;0;2.4;0;0;0;0;0;0;0.2;0;0;0;0;0;0.6;0;0;0;0;0;0;0;0;0;0;0;0;0;0;0;0;0;0;0;0;2.6;5.2;0;0;0;6.8;0;0;0;0;0;1.4;0;0;0;0;0;0;0;1.6;0;0;0;0;4.2;0;0;0;0;0;0;3;0;0;0;0;0;0;0;0;9.6;0;0;0;0;0;3.8;0;0;0;0;0;0;0;3;0;1;0;1;0;1.6;0;0;0;0.6;0;0;0;0;0;0;0;0;0;0;0;0;0;0;0;0;0;0;0;0
T4_2400R1;linderos;plana;plana;gneiss;S;170;6.8;10;2400;0.1736;-1;10;80;0;5;0;10;10;2448;70;0;30;0;0.2;2.4;0;3.8;5.6;0;0;0;0;0;0;0;0.8;0.4;0;0;0.2;0;0;0;0;0;0;0;0;0;0;0;0;0.8;0;0;0;0;0;0;0;0;0;0;0;0;0;0;0;0;0;0;0;0;1.2;1.2;0;0;0;12.8;0;0;0;0;0;0;0;0;0;0;0;0;0;0;0;0;0;0;0;0;0;0;0;0;0;0;2.2;0;0;0;0;0;0;0;2.2;0;0;0;0;0;0;0;2.6;0;0;0;0;0;0;0;5.2;0;0;0;0;0;0;0;0;0;0;0;0;0;0;0;0;0;0;0;0;0;0;0;0;0;0;0;0
T4_2400R2;linderos;S;media;gneiss;S;150;7.26;45;2400;0.7071;0.766;10;50;5;10;2;0;0;2446;80;0;20;0;0.4;7.6;0;2;7.4;0;0;0;0;0;0;0;1;0;0;0;0;0;0;0;0;0;0;0;0;0;0;0;0;0.6;0;0;0;0;0;0;0;0;0;0;0;0;0;0;0;0;0;0;0;0;0.4;0.8;0;0;0;2;0;0;0;0;0;0;0;0;0;0;0;0;0;0;0;0;0;0;0;0;0;0;0;0;0;0;7;0;0;0;0;0;0;0;0.6;0;0;0;0;0;0;0;0;0;0;0;0;0;0;0;12;0;1.4;0;0;0;0;0;0.4;0;0;0;0;0;0;0;0;0;0;0;0;0;0;0;0;0;0;0;0
T4_2400R3;linderos;N;vertical;gneiss;N;115;12.6;50;2400;-0.766;-0.342;5;90;0;2;0;5;0;2447;68;0;32;0;3.2;0.4;7.6;3.2;3.8;0;0;0;0;0;0;0;0.2;0;0;0;0;0;0;0;0;0;0;0;0;0;0;0;0;0;0;0;0;0;0;0;0;0;0;0;0;0;0;0;0;0;0;0;0;0;0;5.2;0;0;0;7.2;0;0;0;0;0;0;0;0;0;0;0;0;0;0;0;0;0;0;0;0;0;0;0;0;0.4;0;7.2;0;0;0;0;0;0;0;1.2;0;0.4;0;0;0;0.6;0;0;0;0;0;0;0;0;0;7.4;0;0;0;0;0;0;0;0.4;0;0;0;0;0;0;0;0;0;0;0;0;0;0;0;0;0;0;0;0
T4_2400R4;linderos;N;vertical;gneiss;N;105;7.67;90;2400;-0.766;-0.342;15;65;0;0;1;10;70;2447;88;5.4;6.6;0;3.6;3.2;0;4.2;1.2;0;0;0;0;0;0;0;0;1.8;0;0;2.6;0;0;0;0;0;0;0;0;0;0;0;0;0;0;0;0;0;0;0;0;0;0;0;0;0;0;0;0;0;0;0;0;0;1;3.4;0;0;0;0.8;0;0;0;0;0;2.4;0;0;0;0;0;0;0.4;0;0;0;0;0;0.6;0;0;0;0.4;0;0;0;14;0;0;0;0;0;0;0;1.4;0;3.8;0;0;0;1.2;0;0;0;0;0;0;0;0.4;1.6;7.8;0;0;0;2.2;0;0;1.8;6.8;0;0;0;0;0;0;0;0;0;0;1;0;0;0;0;0;0;0;0;0
T4_2400R6;linderos;plana;plana;gneiss;N;170;14.56;7;2400;-0.5;-0.5;10;50;0;25;0;5;10;2410;70;0;30;0;2.4;2;0;2.2;0;0;0;0;0;0;0;0;0.4;0;0;0;4.2;0;0;0;0;0;0;0;0;0;0;0;0;2;0;0;0;0;0;0;0;0;0;0;0;0;0;0;0;0;0;0;0;0;0.2;1.8;0;1.2;0;7;0;0;0;0;0;0;0;0.2;0;0;0;0;0;0;0;0;0;0;0;0;0;0;0;0;8.2;0;0;0;0;0;0;0;0;0;0;0;0;0;0;0;0;0;0;0;0;0;0;1.8;1.2;0;1.4;0;0;0;0;0;0;0;0;0;0;0;0;0;0;0;0;0;0;0;0;0;0;0;0;0;0;0;0
T4_2400R7;linderos;N;media;gneiss;S;140;15.05;40;2400;0.1736;-0.5;30;30;0;25;0;10;10;2435;60;0;40;0;3.6;2.8;0;0.6;7.8;0;0;0;0;0;0;0;2.4;0;0;0;0;0;0;0;0;0;0;0;0;0;0;0;0;2.4;0;0;0;0;0;0;0;0;0;0;0;0;0;0;0;0;0;0;0;0;1.2;3.2;0;0;0;3.6;0;0;0;0;0;0;0;0;0;0;0;0;0;0;0;0;0;0;0;0;0;0;0;0;0.2;0;7.4;0;0;0;0;0;0;0;4;0.4;0;0;0;0;0;0;0;0;0;0;0;0;0;0;1;0;0;0;0;0;0;0;0;0;0;0;0;0;0;0;0;0;0;0;0;0;0;0;0;0;0;0;0
T4_2400R8;linderos;N;vertical;gneiss;S;140;14.25;55;2400;0.9848;-0.766;60;0;20;1;10;10;10;2434;73;0;27;0;1.8;2.2;0;3;3.4;0;0;0;0;0;0;0;1.2;0.4;0;0;0.8;0;0;0;0;0;0;0;0;0;0;0;0;1.6;0;0;0;0;0;0;0;0;0;0;0;0;0;0;0;0;0;0;0;0;4;7.2;0;0;0;6.2;0;0;0;0;0;0;0;0;0;0;0;0;0;0;0;0;0;0;0;0;0;0.2;0;0;0;0;5;0;0;0;0;0;0;0;12.6;2.6;0;0;0;0;0.2;0;0;0;0;0;0;0;1.6;0;6.4;0;0;0;0;0;0;0;0.6;0;0;0;0;0;0;0;0;0;0;0;0;0;0;0;0;0;0;0;0
T4_2400R10;linderos;S;media;gneiss;S;172;20.64;40;2400;0.5;0.1736;5;80;3;0;9;5;0;2432;64;1;35;0;4.8;13.8;0;1.6;7.4;0;0;0;0;0;0;0;9;0;0;0;0.4;0;0;0;0;0;0;0;0;0;0;0;0;0;0;0;0;0;0;0;0;0;0;0;0;0;0;0;0;0;0;0;0;0;0;6;0;0;0;7.8;0;0;0;0;0;0;0;0;0;0;0;0;0;0;0;0;0;0;0;0;0;0;0;0;0;0;7;0;0;0;0;0;0;0;0;0;0;0;0;0;0;0;0;0;0;0;0;0;0;0;7.6;0;0.2;0;0;0;0;0;0;0;0;0;0;0;0;0;0;0;0;0;0;0;0;0;0;0;0;0;0
T4_2400R12;linderos;N;vertical;gneiss;S;155;7.04;90;2400;0;-0.9848;15;75;0;0;1;15;0;2425;42;0;58;0;0.4;11;0;1.8;0.4;0;0;0;0;0;0;0;3.8;0;0;0;0;0;0;0;0;0;0;0;0;0;0;0;0;0;0;0;0;0;0;0;0;0;0;0;0;0;0;0;0;0;0;0;0;0;0;1.6;0;0;0;1.6;0;0;0;0;0;0;0;0;0;0;0;0;1.6;0;0;0;0;0;0;0;0;0;0;0;0;0;1.8;0;0;0;0;0;0;0;0;0;0.8;0;0;0;0;0;0;0;0;0;0;0;0;0;1.8;0;0;0;0;0;0;0;0.4;0;0;0;0;0;0;0;0;0;0;0.6;0;0;0;0;0;0;0;0;0
T4_2400R13;linderos;plana;plana;gneiss;N;175;5.46;15;2400;-0.866;-0.9397;20;60;5;0;2;15;0;2430;77;0;23;0;4.8;5;0;9.8;0;0;0;0;0;0;0;0;1.4;1.2;0;0;2.2;0;0;0;0;0;0;0;0;0;0;0;0;0;0;0;0;0;0;0;0;0;0;0;0;0;0;0;0;0;0;0;0;0;2.2;4;0;0;0;12;0;0;0;0;0;0;0;0;0;0;0;0;0;0;0;0;0;0;0;0;0;0;0;0;0;0;0;0;0;0;0;0;0;0;3;12.2;0;0;0;0;0;0;0;0;0;0;0;0;1.8;0;1.2;0;0;0;0;0;0;0;0;0;0;0;0;0;0;0;0;0;0;0;0;0;0;0;0;0;0;0;0
T4_2400R14;linderos;plana;plana;gneiss;S;165;10.8;17;2400;0;0.6428;10;70;2;10;1;10;0;2421;40;0;60;0;0.6;13.6;0;0.4;0;0;0;0;0;0;0;0;2;0;0;0;0;0;0;0;0;0;0;0;0;0;0;0;0;0;0;0;0;0;0;0;0;0;0;0;0;0;0;0;0;0;0;0;0;0;0;0;0;0;0;1.8;0;0;0;0;0;0;0;0;0;0;0;0;0;0;0;0;0;0;0;0;0;0;0;0;0;0;5.2;0;0;0;0;0;0;0;0.2;5.4;0;0;0;0;1.8;0;0;0;0;0;0;0;0;0;0.4;0;0;0;0;0;0;0;0;0;0;0;0;0;0;0;0;0;0;0;0;0;0;0;0;0;0;0;0
T4_2400R16;linderos;S;vertical;gneiss;S;165;12.6;90;2400;0.766;0.866;5;70;0;10;1;5;10;2410;85;8.2;6.8;0;3.2;3.2;0;5.4;11;0;0;0;0;0;0;0;0;0;0;0;0;0;0;0;0;0;0;0;0;0;0;0;0;0;0;0;0;0;0;0;0;0;0;0;0;0;0;0;0;0;0;0;0;0;0;4.2;0;0;0;0;0;0;0;0;0;0;0;0;0;0;0;0;0.4;0;1;0;0;0;0;0;0;0.4;0;0;0;3.8;7.8;0;0;0;0;0;0;0;1;0;1.4;0;0;0;0;0;0;0;0;0;0;0;0;0;17.6;0;3;0;0;0;0;0;2;0;0;0;0;0;0;0;0;0;0;0;0;0;0;0;0;0;0;0;0
T4_2400R17;linderos;S;vertical;gneiss;S;160;11.96;80;2400;1;0.9397;10;80;10;0;1;2;0;2406;56;12;32;0;1.2;0.8;0;7.4;7.2;0;0;0;0;0;0;0;0;0.8;0;0;0;0;0;0;0;0;0;0;0;0;0;0;0;0;0;0;0;0;0;0;0;0;0;0;0;0;0;0;0;0;0;0;0;0;0.4;2.6;0;0;0;0;0;0;0;0;0;0;0;0;0;0;0;0;0.8;0;0;0;0;0;0;0;0;0;0;0;0;3.6;7.2;0;0;0;0;0;0;0;0;0;1.4;0;0;0;0;0;0;0;0;0;0;0;0;0.2;11.8;0;0;0;0;0;0;0;0.6;0;0;0;0;0;0;0;0;0;0;0;0;0;0;0;0;0;0;0;0
T4_2400R18;linderos;S;vertical;gneiss;S;160;10.5;80;2400;1;0.766;10;70;20;0;2;5;0;2380;87;5.4;7.6;0;4;3.8;0;3.8;12.8;0;0;0;0;0;0;0;0;1.8;0;0;3.6;0;0;0;0;0;0;0;0;0;0;0;0;0;0;0;0;1.8;0;0;0;0;0;0;0;0;0;0;0;0;0;0;0;0;0;3.2;0;0;0;5.8;0;0;0;0;0;0;0;0;0;0;0;0;1.6;0;0;0;0;0;1;0;0;0;0;0;0;0;19.2;0;0;0;0;0;0;0;2.4;0;1.2;0;0;0;0;0;0;0;0;0;0;0;0;0;7.8;0;0.8;0;0;0;0;0;0;0;0;0;0;0;0;0;0;0;0;0;0;0;0;0;0;0;0;0;0
T4_2700R1;linderos;N;vertical;gneiss;N;150;26.22;50;2700;-1;-0.5;10;70;0;20;0;2;5;2665;93;0;7;0;1.6;3.4;0;3.8;0;0;0;0;0;0;0;0;0.8;0;0;0;0.2;0;0;0;0;0;0;0;0;0;0;0;0;0;0;0;0;0;0;0;0;0;0;0;0;0;0;0;0;0;0;0;0;0;4.4;1.4;0;0;0;2;0;0;0;0;0;0;0;0;0.4;0;0;0;0;0.8;0;0;0;0;0;0;0;0;0;0;0;0;1.6;1.2;0;0;0;0;0;0;9.2;23.2;0;0;0;0;0;0;0;0;0;0;0;0;0.8;0;5.2;0;0;0;0;0;0;0;4;0;0;0;0;0;0;0;0;0;0;0;0;0;0;0;0;0;0;0;0
T4_2700R2;linderos;plana;plana;gneiss;N;180;13.95;8;2700;-1;-0.766;40;40;0;10;0;5;10;2666;70;0;30;0;0.8;8.4;0;1.4;8.8;0;0;0.4;0;0;0;0;0;0;0;0;1.6;0;0;0;0;0;0;0;0;0;0;0;0;0;0;0;0;0;0;0;0;0;0;0;0;0;0;0;0;0;0;0;0;0;0.2;0.8;0;0;0;5.8;0;0;0;0;0;0;0;0;0;0;0;0;0;0;0;0;0;0;0;0;0;0;0;0;0;0;2.2;0;0;0;0;0;0;0;4.6;0;0;0;0;0;0;0;0;0.4;0;0;0;0;0;0;0;0;0;0;0;0;0;0;0;0;0;0;0;0;0;0;0;0;0;0;0;0;0;0;0;0;0;0;0
T4_2700R3;linderos;plana;plana;gneiss;S;169;7.82;5;2700;0.9397;-0.342;30;60;0;10;0;10;0;2677;62;0;38;0;1.4;3.2;0;2.8;9.2;7.2;0;0;0;0;0;0;0.4;0;0;0;1.6;0;0;0;0;0;0;0;0;0;0;0;0;0;0;0;0;0;0;0;0;0;0;0;0;0;0;0;0;0;0;0;0;0;3.4;0;0;0;0;4;0;0;0;0;0;0;0;0;0;0;0;0;0;0;0;0;0;0;0;0;0;0;0;0;2.6;0;0;0;0;0;0;0;0;0;4.2;0;0;0;0;0;0;0;0;0;0;0;0;0.2;0.6;0;0;0;0;0;0;0;0;0;1;0;0;0;0;0;0;0;0;0;0;0;0;0;0;0;0;0;0;0;0
T4_2700R4;linderos;plana;plana;gneiss;S;173;10.56;5;2700;0.9397;-0.6428;30;60;0;0;20;0;5;2679;70;0;30;0;1.2;4.2;0;4;8.2;0;0;0;0;0;0;0;0;0;0;0;1.4;0;0;0;0;0;0;0;0;0;0;0;0;2;0;0;0;0;0;0;0;0;0;0;0;0;0;0;0;0;0;0;0;0;0.6;0;0;0;0;5.4;0;0;0;0;0;0;0;0;0;0;0;0;0;0;0;0;0;0;0;0;0;0;0;0;0;0;0.8;0.4;0;0;0;0;0;0;5.4;0;0;0;0;0;0;0;0;0;0;0;0;0;0;0;1.2;0;0;0;0;0;0;0;0.8;0;0;0;0;0;0;0;0;0;0;0;0;0;0;0;0;0;0;0;0
T4_2700R5;linderos;S;media;gneiss;S;100;5.7;40;2700;0.9397;0.766;10;30;0;5;2;5;5;2680;88;0;12;0;0.4;0.8;0;13.4;7.6;0;0;0;0;0;0;0;0;0;0;0;4.6;0;0;0;0;0;0;0;0;0;0;0;0;1.4;0;0;0;0;0;0;0;0;0;0;0;0;0;0;0;0;0;0;0;0;14.2;0;0;0;0;2.8;0;0;0;0;0;0;0;0;0;0;0;0;0;0;0;0;0;0;0;0;0;0;0;0;0;0;1.4;0;0;0;0;0;0;0;8;0;0;0;0;0;6;0;0;0;0;0;0;0;0;0;6.6;0;0;0;0;0;0;0;5;0;0;0;0;0;0;0;0;0;0;0;0;0;0;0;0;0;0;0;0
T4_2700R6;linderos;S;media;gneiss;N;130;18.3;40;2700;-0.1736;0.342;10;60;0;10;5;5;10;2574;74;0;26;0;1;14.6;0;2.6;1.8;0;0;0;0;0;0;0;1;0;0;0;0.2;0;0;0;0;0;0;0;0;0;0;0;0;0.2;0;0;0;0;0;0;0;0;0;0;0;0;0;0;0;0;0;0;0;0;1.6;0;0;0;0;2.4;0;0;0;0;0;0;0;0;0;0;0;0;0;0;0;0;0;0;0;0;0;0;0;0;0;0;6.8;0;0;0;0;0;0;0;0.6;0;0;0;0;0;3.6;0;0;0;0;0;0;0;0;0;2;0;0;0;0;0;0;0;0.4;0;0;0;0;0;0;0;0;0;0;0;0;0;0;0;0;0;0;0;0
T4_2700R7;linderos;plana;plana;gneiss;S;150;5.321;10;2700;0.9848;0.5;20;65;0;10;2;10;0;2676;82;0;18;0;0.4;0.4;0;9.2;14.4;0;0;0;0;0;0;0;0.2;0;0;0;1.4;0;0;0;0;0;0;0;0;0;0;0;0;0.4;0;0;0;0;0;0;0;0;0;0;0;0;0;0;0;0;0;0;0;0;5.8;0;0;0;0;3.8;0;0;0;0;0;0;0;0;0;0;0;0;0;0;0;0;0;0;0;0;0;0;0;0;0;0;1.4;0;0;0;0;0;0;0;6.4;0;0;0;0;0;0.8;0;0;0;0;0;0;0;0.4;0;2.8;0;0;0;0;0;0;0;1.4;0;0;0;0;0;0;0;0;0;0;0;0;0;0;0;0;0;0;0;0
T4_2700R11;linderos;N;vertical;gneiss;N;113;20.46;85;2700;-0.5;-0.766;10;70;0;10;0;10;5;2672;82;0;18;0;1.6;0.8;0;9.8;9.8;0;0;0;0;0;0;0;0;1.2;0;0;1.2;0;0;0;0;0;0;0;0;0;0;0;0;0;0;0;0;0;0;0;0;0;0;0;0;0;0;0;0;0;0;0;0;0;5.8;3.8;0;0;0;0;0;0;0;0;0;0;0;0.4;0;0;0;0;0;0;0;0;0;0;0;0;0;0;0;0;0;2.2;4.6;0;0;0;0;0;0;0;6.6;0;1.6;0;0;0;2;0;0;0;0;0;0;0;0;0;1.6;0;0;0;1.4;0;0;0;3.6;0;0;0;0;0;0;0;0;0;0;0;0;0;0;0;0;0;0;0;1.8
T4_2700R12;linderos;plana;plana;gneiss;N;145;20.15;5;2700;-1;-0.866;10;60;0;5;0;15;10;2676;66;1;33;0;3.2;15.8;0;3.2;4;0;0;0;0;0;0;0;9.6;0.2;0;0;0;0;0;0;0;0;0;0;0;0;0;0;0;2.2;0;0;0;0;0;0;0;0;0;0;0;0;0;0;0;0;0;0;0;0;0;0;0;0;0;1.2;0;0;0;0;0;0;0;0;0;0;0;0;0;0;0;0;0;0;0;0;0;0;0;0;11.2;0;0.2;0;0;0;0;0;0;0;0.4;0;0.2;0;0;0;0;0;0;0;0;0;0;0;0;0;0.4;0;0;0;0;0;0;0;0;0;0;0;0;0;0;0;0;0;0;0;0;0;0;0;0;0;0;0;0
T4_2700R14;linderos;N;vertical;gneiss;N;120;15.3;75;2700;-0.866;-0.342;10;80;0;2;1;5;0;2669;86.2;0;13.8;0;0.6;3.6;0;11.6;6;0;0;0;0.8;0;0;0;0;1.8;0;0;1.2;0;0;0;0;0;0;0;0;0;0;0;0;2;0;0;0;0;0;0;0;0;0;0;0;0;0;0;0;0;0;0;0;0;6.8;4;0;0;0;0;0;0;0;0;0;0;0;0;0;0;0;0.8;0;0;0;0;0;0;0;0;0;0;0;0;0.4;0.4;1.2;0;0;0;0;0;0;0;4.2;0;0;0;0.4;0;0.4;0;0;0;0;0;0;1;2.4;0;4.2;0;0;0;0.4;0;0;3.2;4.6;0;0;0;0;0;0;0;0;0;0;0;0;1;0;0;0;0;0;0;0
T4_2700R17;linderos;S;vertical;gneiss;S;110;23.76;75;2700;0.766;0.9397;20;65;0;10;2;70;5;2661;80;6;10;0;1;2.2;0;4.8;11.6;0;0;0;0;0;0;0;0;0.6;0;0;2.2;0;0;0;0;0;0;0;0;0;0;0;0;1;0;0;0;0.2;0;0;0;0;0;0;0;0;0;0;0;0;0;0;0;0;1.4;1.8;0;0;0;1.8;0;0;0;0;0;0;0;0;0;0;0;0;0;0;0;0;0;0;0;0;0;0;0;0;0;0;12;0;0;0;0;0;0;0;3;0;0;0;0;0;2.8;0;0;0;0;0;0;0;0;0;6.2;0;0;0;0.2;0;0;0;0.4;0;0;0;0;0;0;0;0;0;0;0.6;0;0;0;0;0;0;0;0;0
T4_1500R2;linderos;N;vertical;gneiss;S;140;5.74;90;1500;1;-1;70;30;0;0;0;5;0;1554;93;2.6;4.4;0;2.4;2.6;0;4.4;6.6;0;0;0;0;0;0;0;0;5.4;0;0;0.4;0;0;0;0;0;0;0;0;0;0;0;0;1;0;0;0;0;0;0;4;0;0;0;0;0;3.8;0;0;0;0;0;0;0;0;4.6;0;0;0;3.8;0;0;0;0;0;0;0;0;0;0;0;0;0.6;0;0;0;0;0;0;0;0;0;0;0;0;1.6;0;0;0;0;0;0;0;0.8;0;0;1;0;0;0;0;0;0;0;0;0;0;0;0;0;0.8;0;1.2;0;0;0;0;0;0;0;0;0;0;0;0;0;0;0;0;0;0;0;0;0;0;0;0;0;0
T4_1500R3;linderos;plana;plana;gneiss;S;145;9.88;2;1500;0.6428;-0.6428;45;50;1;0;1;5;0;1546;56;7;37;0;4.6;2;0;0.6;3.8;0;0;0;0;0;0;0;0;1;0;0;1.6;0;0;0;0;0;0;0;0;0;0;0;0;0;0;0;0;0;0;0;0;0;0;0;0.4;0;0;0;0;0;0;0;0;0;0;0.8;0;0;0;3.4;0;0;0;0;0;0;0;0;0;0;0;0;0;0;0;0;0;0;0;0;0;0;0;0;0;0;0;0;0;0;0;0;0;0;0;0;0;0;0;0;0;2.2;0;0;0;0;0;0;0;0;0.6;0;0.4;0;0;0;0;0;0;0;0;0;0;0;0;0;6.6;0;0;0;0;0;0;0;1;0;0;0;0
T4_1500R4;linderos;S;media;gneiss;S;150;6.46;40;1500;1;0.9848;50;40;10;0;0;5;0;1552;84.4;2;13.6;0;5;2.8;0;3;14.4;0;0;0;0;0;0;0;0;3.6;0;0;3.6;0;0;0;0;0;0;0;0;0;0;0;0;1.4;0;0;0;0;0;0;0;0;0;0;0;0;0;0;0;0;0;0;0;0;0;1.2;0;0;0;1.2;0;0;0;0;0;0;0;0;0;0;0;0;0;0;0;0;0;0;0;0;0;0;0;0;0;0;0;0;0;0;0;0;0;0;0;0;0;0;0;0;0;3.6;0;0;0;0;0;0;0;0;0.4;0;0;0;0;0;0;0;0;0;0;0;0;0;0;0;0;0;0;0;0;0;0;0;0;1.8;0;0;0
T4_1500R5;linderos;plana;plana;gneiss;S;162;16.92;18;1500;0.9848;0.866;40;60;0;0;0;5;0;1542;90;0;10;0;4.2;6.2;0;3.8;12.8;0;0;0;0;0;0;0;0;6.4;0;0;2.6;0;0;0;0;0;0;0;0;0;0;0;0;0;0;0;0;0;0;0;0;0;0;0;0;0;0;0;0;0;0;0;0;0;0;0;0;0;0;6.2;0;0;0;0;0;0;0;0;0;0;0;0;0;0;0;0;0;0;0;0;0;0;0;0;0;0;0;0;0;0;0;0;0;0;0;0;0;0;0;0;0;0;0;0;0;0;0;0;0;0;0.6;0;0.2;0;0;0;0;0;0;1.2;0;0;0;0;0;0;0;0;0;0;0;0;0;0;0;0;0;0;0
T4_1500R6;linderos;S;media;gneiss;S;165;4.2;40;1500;0.9397;0.6428;60;35;1;2;0;5;0;1533;89.4;0;10.6;0;9.4;2.6;0;1.4;12;0;0;0;0;0;0;0;0;7.4;0;0;1.4;0;0;0;0;0;0;0;0;0;0;0;0;0;0;0;0;0;0;0;0;0;0;0;0;0;0;0;0;0;0;0;0;0;0;0;0;0;0;5;0;0;0;0;0;0;0;0;0;0;0;0;0;0;0;0;0;0;0;0;0;0;0;0;0;0;0;0;0;0;0;0;0;0.8;0;0;0;0;0;0;0;0;0;0;0;0;0;0;0;0;0;0;0;0;0;0;0;0;0;0;0;0;0;0;0;6;0;0;0;0;0;0;0;0;0.6;0;0;0;0
T4_1500R7;linderos;S;vertical;gneiss;S;115;5.5;78;1500;0.9848;0.5;30;70;0;0;0;5;0;1521;85.4;0.4;14.2;0;7.6;2.4;0;4;4.2;0;0;0;0;0;0;0;0;3.6;0;0;1.4;0;0;0;0;0;0;0;0;0;0;0;0;0.8;0;0;0;0;0;0;0;0;0;0;0;0;0;0;0;0;0;0;0;0;0;0.8;0;0;0;0;0;0;0;0;0;0;0;0;0;0;0;0;0.4;0;0;0;0;0;0;0;0;0;0;0;0;0.6;0;0;0;0;0;0;0;0;0;0;0;0;0;0;0;6;0;0;0;0;0;0;0;0;2.6;0;0.8;0;0;0;0;0;0;0;0;0;0;0;0;0;1.8;0;0;0;0;0;0;0;0;2;0;0;0
T4_1500R8;linderos;plana;plana;gneiss;S;155;4.68;17;1500;0.9848;-0.9397;60;30;3;1;0;5;0;1528;80;1;19;0;6.6;3.8;0;1.4;8.4;0;0;0;0;0;0;0;0;6.8;0;0;1.8;0;0;0;0;0;0;0;0;0;0;0;0;0;0;0;0;0;0;0;0;0;0;0;0;0;0;0;0;0;0;0;0;0;0;0;0;0;0;1.2;0;0;0;0;0;0;0;0;0;0;0;0;0;0;0;0;0;0;0;0;0;0;0;0;0;0;0;0;0;0;0;0;0;0;0;0;0;0;0;0;0;0;0;0;0;0;0;0;0;0;0;0;0;0;0;0;0;0;0;0;0;0;0;0;0;0;0;0;0;0;0;0;0;0;0;0;0;0;0
T4_1500R9;linderos;N;vertical;gneiss;N;168;11.78;70;1500;-0.1736;-0.6428;40;40;0;2;0;10;10;1491;91.8;0;8.2;0;2.4;0;0;1.6;1.8;0;0;0;0;0;0;0;0;1.2;0;0;2;0;0;0;0;0;0;0;0;0;0;0;0;0;0;0;0;0;0;17.8;0;0;0;0;0;0;0;0;0;0;0;0;0.2;0;0;3.8;0;0;0;6.8;0;0;0;0;0;0;0;0;1.4;0;0;0;0.4;0;0;0;0;0;0;0;0;0;0;0;0;0;0;0;0;0;0;0;0;1.4;0;0;0;0;0;0;0;0;0;0;0;0;0;0;0;0;3;0;3;0;0;0;0;0;0;0;0;0;0;0;0;0;0;0;0;0;0;0;0;0;0;0;0;0;0
T4_1500R10;linderos;N;media;gneiss;N;150;7.315;45;1500;-0.866;-1;60;30;5;2;0;5;5;1502;84;1;15;0;2.8;1;0;3.4;9;0;0;0;0;0;0;0;0;1.2;0;0;1.4;0;0;0;0;0;0;0;0;0;0;0;0;0;0;0;0;0;0;0;0;0;0;0;0;0;0;0;0;0;0;0;0;0;0;1.8;0;0;0;13.6;0;0;0;0;0;0;0;0;0;0;0;0;0;0;0;0;0;0;0;0;0;0;0;0;0;0.4;3;0;0;0;0;0;0;0;0;0;1.4;0;0;0;0;0;0;0;0;0;0;0;0;2.4;6.8;0;1.2;0;0;0;0;0;0;0;0;0;0;0;0;0;3.2;0;0;0;0;0;0;0;0;0.4;0;0;0
T4_1500R11;linderos;N;media;gneiss;N;160;6.4;40;1500;-0.9397;-0.5;60;40;0;0;0;0;0;1509;52;4;44;0;3.4;0;0;1.8;9.2;0;0;0;0;0;0;0;0;8.2;0;0;3.6;0;0;0;0;0;0;0;0;0;0;0;0;0;0;0;0;0;0;0;0;0;0;0;0;0;0;0;0;0;0;0;0;0;0;1.2;0;0;0;7;0;0;0.8;0;0;0;0;0;0;0;0;0;0.2;0;0;0;0;0;0;0;0;0;0;0;0;0;0;0;0;0;0;0;0;0;0;0;0;0;0;0;0;5.2;0;0;0;0;0;0;0;0;1.4;0;0;0;0;0;0;0;0;0;0;0;0;0;0;0;0;0;0;0;0;0;0;0;0;3.2;0;0;0
T4_1500R12;linderos;plana;plana;gneiss;N;140;15.6;20;1500;-0.6428;-0.6428;35;50;0;2;0;5;10;1508;82;0;18;0;4.6;0.4;0;4;11.4;0;0;0;0;0;0;0;0;9;0;0;1.2;0;0;0;0;0;0;0;0;0;0;0;0;0.2;0;0;0;0;0;0;0;0;0;0;0;0;0;0;0;0;0;0;0;0;0;0.6;0;0;0;8;0;0;0;0;0;0;0;0;0;0;0;0;0;0;0;0;0;0;0;0;0;0;0;0;0;0;0;0;0;0;0;0;0;0;0;0;0;0;0;0;0;0.8;0;0;0;0;0;0;0;0;1.8;0;0;0;0;0;0;0;0;0;0;0;0;0;0;0;0.4;0;0;0;0;0;0;0;0;0;0;0;0
T4_1500R13;linderos;S;vertical;gneiss;N;160;8.25;90;1500;-0.9848;0.5;25;65;5;5;2;5;0;1516;56;3;41;0;0.4;0;0;3;0.8;0;0;0;0;0;0;0;0.8;1.8;1.4;0;0;0;0;0;0;0;0;3;0;0;0;0;0;1.4;0;0;0;0;0;0;0;0;0;0;0;0;0;0;0;0;0;0;0;1.6;0;4.2;0;0;0;0;0;0;2.6;0;0;0;0;0;0;0;1.6;0;0;4.2;0;0;0;0;0.6;0;0;0;0;0;0;3;0;0;0;0;0;0;0;0;0;0;0;0;0;0;0;0;0;0;0;0;0;0;2.8;0;0;0;3;0;0;0;0;0;0;0;0;0;0;0;0;0;0;0;0;0;0;0;0;0;0;0;0;0;0
T4_1500R14;linderos;plana;plana;gneiss;S;150;16.24;7;1500;0.9848;0.866;25;30;0;0;1;10;30;1458;60;2;38;0;4.4;3;0;3.2;0;0;0;0;0;0;0;0;3.8;4.6;0.6;0;8.6;0;0;0;0;0;0;0;0;0;0;0;0;0.4;0;0;0;0;0;0;0;0;0;0;0;0;0;0;0;0;0;0;0;0;0;4;0;0;0;4.4;0;0;0;0;0;0;0;0;0;0;0;0;0;0;0;0;0;0;0;0;0;0;0;0;0;0;0;0;0;0;0;0;1.6;0;0;0;0;0;0;0;0;0;0;0;0;0;0;0;0.8;0;0.4;0;0.6;0;0;0;0;0;0;0;0;0;0;0;0;0;1.6;0;0;0;0;0;0;0;0;0.6;0;0;0
T4_1500R15;linderos;S;vertical;gneiss;S;100;8.58;80;1500;0.5;0.6428;15;55;0;8;0;15;15;1467;60;10;30;0;0.4;2.2;0;6.4;1;0;0;0;0;0;0;0;0;2.8;0;0;7.4;0;0;0;0;0;0;0;0;0;4;0;0;0;0;0;1.6;0;0;1.8;0;0;0;0;0;0;0;0;0;0;0;0;0;0;0;4;0;0;0;1.4;0;0;0.4;0;0;0;0;0;0;0;0.8;0;0;2;0;0;0;0;0;0;0;0.6;0;0;0;5.4;0;0;0;0;0;0;0.6;0;0;0;0.6;0;0;0;0;0;0;0;0;0;0;0;2.4;0;1.4;0;6.2;0;0;0;0;0;0;0;0;0;0;0;0;0;0;0;0;0;0;0;0;0;0;0;0;0;0
T4_1500R16;linderos;N;vertical;gneiss;N;152;11.34;80;1500;-0.1736;-0.766;50;20;0;5;1;25;20;1457;78;8;14;0;1.8;0;0;7.6;0;0;0;0;0;0;0;0;0;1.6;0;1.2;7.4;0;0;0;0;0;0;0;0;0;0;0;0;0.4;0;0;0;0;0;0;0;0;0;0;0;0;0;0;0;0;0;0;0.8;2;0;3.2;0;0;0;1.6;0;0;0;0;0;0;0;0;0;0;2;0;0;5.2;0;0;0;0;0;0;0;0;0;0;0;0.4;0;0;0;0;0;0;0;0;0;0;3.8;0;0;0;0;0;0;0;0;0;0;0;4.6;0;4.8;0;2.8;0;0;0;0;0;0;0;0;0;0;0;0;0;0;0;0;0;0;0;0;0;0;0;0;0;0
T4_1500R17;linderos;N;media;gneiss;N;150;5.4;40;1500;-0.1736;-0.766;50;20;0;2;1;20;20;1464;94;1.2;4.8;0;4.2;0.4;0;4;11;0;0;0;0;0;0;0;0;2.8;0;0;4.6;0;0;0;0;0;0;0;0;0;0;0;0;0;0;0;0;0;0;0;0;0;0;0;0;0;0;0;0;0;0;0;0;0;0;0.6;0;0;3.2;17.6;0;0;0;0;0;0;0;0;0;0;0;0;0;0;0;0;0;0;0;0;0;0;0;0;0;0;0;0;0;0;0;0;0;0;0;0;0;0;0;0;0;0;0;0;0;0;0;0;0;0;2.4;0;0.2;0;0;0;0;0;0;0;0;0;0;0;0;0;0;0;0;0;0;0;0;0;0;0;0;0;0
T4_1500R18;linderos;S;media;gneiss;N;170;15.34;45;1500;-0.5;0.766;35;50;0;1;1;10;10;1474;76;1;23;0;3.8;2;8.2;4.2;9.4;0;0;0;0.6;0;0;0;0;11.2;0;0;4.4;0;0;0;0;0;0;0;0;0;0;2.8;0;0;0;0;0;0;0;0;0;0;0;0;0;0;0;0;0;0;0;0;0;0;0;0;0;0;0;13.6;0;0;0;0;0;0;0;0;0;0;0;0;0;0;0;0;0;0;0;0;0;0;0;0;0;0;0;0;0;0;0;0;2.4;0;0;0;0;0;0;0;0;0;0;0;0;0;0;0;0;0;2.8;0;2.6;0;0;0;0;0;0;0;0;0;0;0;0;0;8;0;0;0;0;0;0;0;0;0;0;0;0
T4_900R17;linderos;N;media;gneiss;N;165;39;40;900;-0.766;-1;40;50;0;0;1;20;10;1073;62;5;33;0;0.8;0;0;5.8;0;0;0;0;0;0;0;0;0;2.2;0;0;0.6;0;0;0;0;0;0;0;0;0;0;0.2;0;1.6;0;0;0;0;0;0;0;0;0;0;0;0;0;0;0;0;0;0;0;0;0;0;0;0;0;4;0;0;1.2;0;0;0;0;0;0;0;0;0;0;0.6;0;0;0;0;0;0;0;0;0;0;0;0;0;0;0;0;0;0;0;7.6;0;0;0;0;0;0;0;0;0;0;0;0;0;0;0;0;0;0;1.6;0;0;0;0;0;0;0;0;13.4;0;0;0;0;0;0;0;0;0;0;0;0;0;0;0;0;0
T4_900R18;linderos;N;vertical;gneiss;N;165;6.29;90;900;-0.5;-1;30;25;0;0;0;20;25;1064;64;4;32;0;1;0;0;4.8;0;0;0;0;0;0;0;0;0;2.8;0;0;8;0;0;0;0;0;1;0;0;0;0;3.8;0;1.6;0;0;0;0;0;0;7.2;0;0;0;0;0;0;0;0;0;0;0;0;0;0;0;0;0;0;3.4;0;0;0.8;0;0;0;0;0;0;0;5.6;0;0;1.2;0;0;0;0;0;0;0;0;0;0;0;0;0;0;0;0;0;0;0;2;0;0;0;0;0;0;0;0;0;0;0;0;0;0;0;0;0;0;0.8;0;0;0;0;0;0;0;0;0;0;0;0;0;0;0;0;0;0;0;0;0;0;1.8;0;0;0
T1_900R1;champa;N;vertical;granito;N;140;16.12;90;900;-0.9397;-0.866;20;10;30;10;10;20;0;943;82;9;21;0;1.2;0;0;8.4;0;0;0;0;0;0;0;0;1.2;0;0;0;0;0;0;0;0;0;0;2.2;0;0;0;0;0;0;0;0;0;0;0;3.6;0;0;0.2;0;0;0;0;0;0;0;0;0;4.4;0;0;0;0;0;0;0;0;0;2.2;0;0;0;0;0;0;0;1;0;0;0.8;0;0;0;0;0;0;0;0;0;0;0;0;0;0;0;0;0;0;0.4;0;0;0;0;0;0;0;0;0;0;0;0;0;0;0;0;0;0;0;9.8;0;0;0;0;0;0;0;0;0;0;0;0;0;0;0;0;0;0;0;0;0;0;0;0;2.2;2
T1_900R2;champa;N;vertical;granito;N;135;134.4;80;900;-0.9397;-0.866;5;5;10;0;5;10;80;943;78;19;3;0;0.8;0;0;5.2;0;0;0;0;0;0;0;0;2.2;0;0;0;0.2;0;0;0;0;0;0;1.6;0;0;0;1.2;0;0;0.4;0;0;0;0;0;0;0;0;0;0;0;0;0;0;0;0;0;2.8;3.2;0;0;0;0;0;0;0;0;5.8;0;0;0;0;0;0;0;7.4;0;0;0;0;0;0;0;0;0;0;0;0;0;0;0.6;0;0;0;0;0;0;0;0;0;0;0;0;0;0;0;0;0;0;0;0;0;0;0;0;0.4;0;5.6;0;0;0;0;0;0;0;0;0;0;0;0;0;0;0;0;0;0;0;0;0;0;1.6;0;0;2.6
T1_900R4;champa;plana;plana;granito;S;155;16.25;8;900;0.5;-0.766;5;10;10;15;5;10;50;936;84;2;14;0;1;0;0;5.4;0;0;0;0;0;0;4.2;0;3.6;0.8;0;0;0;0;0;0;0;0;0;0;0;0;0;0;0;0;0;0;0;0;0;1.2;0;0;0;0;0;0;0;0;0;0;0;0;0;0;0;0;0;0;0;0;0;0;7;0;0;0;0;0;0;0;0;0;0;0;0;0;0;0;0;0;0;0;0;0;0;0;0;0;0;0;0;0;1.8;0;0;0;0;0;0;0;0;0;0;0;0;0;0;0;0;0;0;0;0;0;0;0;0;0;0;0;0;3.6;0;0;0;3.8;0;0;0;0;0;0;0;0;0;0;0;0;0
T1_900R5;champa;S;vertical;granito;S;160;15.04;70;900;0.6428;0.866;10;10;20;5;5;10;30;937;87;0;13;0;1;0.4;0;4.4;0;0;0;0;0;0;3.2;0;2.2;0;0;0;1.2;0;0;0;0;0;0;0;0;0;0;1.2;0;0;0;0;0;0;0;0.4;0;0;0;0;0;0;0;0;0;0;0;0;0;0;0;0;0;0;0;0;0;0;2.8;0;0;0;0;0;0;0;4;0;0;0;0;0;0;0;0;0;0;0;0;0;0;1.6;0;0;0;0;0;0;1.6;0;0;0;0;0;0;0;0;0;0;0;0;0;0;0;0;0;0;0;7;0;0;0;0;0;0;0;0;12.4;0;0;0;0;0;0;0;0;0;0;0;0;0;0;0;0;0
T1_1500R2;champa;S;vertical;granito;N;163;12;80;1500;-0.6428;0.866;0;40;20;20;5;5;0;1554;69;0;11;0;0.4;0.4;0;0;0;3.2;0;0;0;0;0;0;0;5;0;0;4.4;0;0;0;0;0;0;0;0;0;0;0;0;0;0;0;0;0;0;4.4;0;0;0;0;0;0;0;0;0;0;0;0;0;0;0;6.2;0;0;0;0;0;0;0.6;0;0;0;0;0;0;0;0;0;2;1;0;0;0;0;0;0;0;0;0;0;0;0;0;0;0;0;0;0;6.6;3.4;0;0;2.4;0;0;0;0;0;0;0;0;0;0;0;0;0;12.2;0;12;0;0;0;0;0;0;0;0;0;0;0;0;0.8;3.8;0;0;0;0;0;0;0;0;0.2;0;0;0
T1_1500R3;champa;S;media;granito;S;160;4.5;40;1500;0.6428;0.9397;0;60;15;10;10;20;0;1458;54;0.4;46;0;2;1.2;0;3;2;0;0;0;0;0;0;0;0;5;0;0;3.8;0;0;0;0;0;0;0;0;0;0;0;0;0;0;0;0;0;0;0;0;0;0;0;0;0;0;0;0;0;0;0;0;0;0;3.4;0;0;0;0;0;0;0;0;0;0;0;0;0;0;0;0;0.8;0;0;0;0;0;0;0;0;0;3.2;0;0;0;0;0;0;0;0;0;0.6;0;0;0;0;0;0;0;0;0;0;0;0;0;0;0;0;0;3;0;4.8;0;0;0;0;0;0;7.4;0;0;0;0;0;0;0;0;0;0;0;0;0;0;0;0;0;0;0
T1_1500R4;champa;S;vertical;granito;S;110;8.75;70;1500;0.342;0.9848;0;0;0;16;20;20;0;1458;13;0.8;0;0;0;0;0;3.2;0;0;0;0;0;0;0;0;0;0;0;0;6.8;0;0;0;0;0;0;0;0;0;0;0.4;0;0;0;0;0;0;0;0.4;0;0;0;0;0;0;0;0;0;0;0;0;0;0;0;0;0;0.8;0;0;0;0;0.2;0;0;0;0;0;0;0;0;0;3.2;0.4;0;0;0;0;0;0;0;0;4.2;0;0;1.8;0;0;0;0;0;0;2.8;0;0;0;1;0;0;0;0;0;0;0;0;0;0;0;0;0;15;0;7.6;0;0;0;0;0;0;5.2;0;0;0;0;0;0.4;0;0;0;0;0;0;0;0;0;1;0;0;0
T1_1500R6;champa;plana;plana;granito;N;175;10.5;10;1500;-0.766;-1;0;70;10;5;5;10;0;1475;60;0;40;0;0.4;0;0;1.4;0;0;0;0;0;0;0;0;0;6.4;0;0;4.6;0;0;0;0;0;0;0;0;0;0;0;0;0.8;0;0;0;0;0;0;0;0;0;0;0;0;0;0;0;0;0;0;0;0;1.4;0.6;0;0.2;0;0;0;0;0;0;0;0;0;0;0;0;0;0;0;0.4;0;0;0;0;0;0;0;0;1;0;0;0;0;0;0;0;0;0;0.6;0;0;0;0;0;0;0;0;0;0;0;0;0;0;0;0;0;2.4;0;2.6;0;0;0;0;0;0;0;0;0;0;0;0;0;0;0;0;0;0;0;0;0;0;4.8;0;0;0
T1_1500R7;champa;plana;plana;granito;N;165;15;5;1500;-0.1736;-0.9848;0;70;5;5;5;10;0;1480;58;0;42;0;1.8;0.4;0;0;0;0;0;0;0;0;0;0;0;3;0;0;1;0;0;0;0;0;0;0;0;0;0;0;0;0.4;0;0;0;0;0;0;0;0;0;0;0;0;0;0;0;0;0;0;0;0;9.2;3;0;0;0;0;0;0;0.4;0;0;0;0;0;0;0;0;0;0;0.8;0;0;0;0;0;0;0;0;0;0;0;0;0;0;0;0;0;0;0;0;0;0;0;0;0;0;0;0;0;0;0;0;0;0;0;0;1.8;0;1.6;0;0;0;0;0;0;0;0;0;0;0;0;0;0;0;0;0;0;0;0;0;0;5.8;0;0;0
T1_1500R8;champa;plana;plana;granito;N;150;8.25;20;1500;-0.5;-0.9397;0;60;5;10;0;5;0;1480;56;0;44;0;1;0;0;0;3.2;0;0;0;0;0;0;0;0;8.2;0;0;1.6;0;0;0;0;0;0;0;0;0;0;0;0;0;0;0;0;0;0;0;0;0;0;0;0;0;0;0;0;0;0;0;0;0;5.4;2.6;0;2.4;0;0;0;0;0;0;0;0;0;0;0;0;0;0;0;0;0;0;0;0;0;0;0;0;0;0;0;0;0;0;0;0;0;0;0;0;0;0;0;0;0;0;0;0;0;0;0;0;0;0;0;0;0;0;1.6;0;0;0;0;0;0;0.4;0;2.2;0;0;0;0;0;0;0;0;0;0;0;0;0;2.8;0;0;0
T1_1200R4;champa;S;media;granito;S;159;3.5;40;1200;0.766;0.9063;0;70;5;10;10;5;10;1301;76;6;20;0;1.2;0;0;4.8;5.6;0;0;0;0;0;1.8;0;0;1.8;0;0;0.6;0;0;0;0;0;0;0;0;0;0;0;0;1;0;0;0;0;0;0;0;0;0;0;0;0;0;0;0;0;0;0;0;0;0;0;0;0;0;0;0;0;1.6;0;0;0;1.2;0;0;0;5.6;0;3.4;0;0;0;0;0;0;0;0;0;0;0;0;1.2;0;0;0;0;0;0;1.4;0;0;0;0;0;0;0;0;0;0;0;0;0;1;0;0.8;0;5;0;1;0;0;0;0;0;0;0;0;0;0;0;0;0;0;0;0;0;0;0;0;0;0;11;0;0;0
T1_1200R5;champa;S;vertical;granito;S;130;7;80;1200;0.1736;0.342;0;80;0;10;10;5;0;1300;46;0;54;0;2;5.4;0;0;0;0;0;0;0;0;0;0;0.2;0;0;0;0;0;0;0;0;0;0;0;0;0;0;0;0;0;0;0;0;3.8;0;0;0;0;0;0;0;0;0;0;0;0;0;0;0;0;0;0.6;0;0;0;0;0;0;9.6;0;0;0;0;0;0;0;0;0;2.4;0;0;0;0;0;1.6;0;0;0;0;0;0.4;0;0;0;0;0;0;0;0;0;0;0;0;0;0;0;0;0;0;0;0;0;0;0;0;0;4.4;0;0.2;0;0;0;0;0;0;0;0;0;0;0;0;8.4;0;0;0;0;0;0;0;0;0;0;0;0;0
T1_1200R11;champa;N;media;granito;N;130;5.95;45;1200;-0.3584;-0.9903;0;70;15;15;10;10;5;1301;40;46;14;0;0.4;0;0;5.4;3;0;0;0;0;0;0;0;0;3.4;0;0;0;0;0;0;0;0;0;0;0;0;0;0;0;1.6;0;0;0;0;0;0;0;0;0;0;0;0;0;0;0;0;0;0;0;0;0;3;0;0;0;0;0;0;0.6;0;0;0;0;0;0;0;1.2;0;0;0;0;0;0;0;0;0;0;0;0;0;0;0;0;0;0;0;0;0;0;0;0;0;0;0;0;0;0;0;0;0;0;0;0;0;0.4;0;0;0;4.4;0;0;0;0;0;0;0;0;0;0;0;0;0;0;0;0;0;0;0;0;0;0;1.2;0;0;2.2
T1_1200R16;champa;plana;plana;granito;S;150;12.4;10;1200;0.1736;-1;0;60;10;15;10;10;20;1301;40;11;49;0;0.8;0;0;5.6;1.6;0;0;0;0.4;0;0;0;0;1.4;0;0;0;0;0;0;0;0;0;0;0;0;0;0;0;0;0;0;0;0;0;0;0;0;0;0;0;0;0;0;0;0;0;0;0.4;0;0;0.4;0;0;0;0;0;0;0;0;0;0;0;0;0;0;8;0;0;0.4;0;0;0;0;0;0;0;0;0;0;0;0;0;0;0;0;0;0;1.6;0;0;0;0;0;0;0;0;0;0;0;0;0;0;0;0.4;0;0;0;7.6;0;0;0;0;0;0;0;0;1;0;0;0;0;0;0;0;0;0;0;0;0;0;4.8;0;0;0
T1_1200R18;champa;S;media;granito;S;155;12;40;1200;1;0.9848;0;60;5;10;10;10;5;1300;36;0;64;0;1.2;3;0;1.7;6.4;0;0;0;0;0;0;0;0;7.2;0;0;3;0;0;0;0;0;0;0;0;0;0;0;0;0;0;0;0;0;0;0;0;0;0;0;0;0;0;0;0;0;0;0;0;0;0;0;0;0;0;0;0;0;4.4;0;0;0;0;0;0;0;0;0;1.8;0;0;0;0;0;0;0;0;0;0;0;0;0;0;0;0;0;0;0;0;0;0;0;0;0;0;0;0;0;0;0;0;0;0;0;1.8;0;1.4;0;2.2;0;0;0;0;0;0;0;0;0;0;0;0;0;0;0;0;0;0;0;0;0;0;5.6;0;0;0
T1_2100R10;champa;plana;plana;granito;N;158;32.76;5;2100;-0.9397;-0.5;5;85;10;2;1;2;0;2073;66;0;34;0;0.2;0;0;1.4;0;0;0;0;0;0;0;0;0;2.6;0;0;11.2;0;0;0;0;0;0;0;0;0;0;0;0;0;0;0;0;0;0;0;0;0;0;0;0;0;0;0;0;0;0;0;0;0;0;4;0;0;0;2;0;0;0;0;0;0;0;0;0;0;0;0;0;0;0;0;0;0;1.6;0;0;0;0;0;0;0;0;0;0;0;0;0;0;0;0;0;0;0;0;0;0;0;0;0;0;0;0;3.4;0;0;8.2;0;6.8;0;0;0;0;0;0;0;0;0;0;0;0;0;5.8;0;0;0;0;0;0;0;0;0;0;0;0
T1_2100R12;champa;plana;plana;granito;S;173;22.08;3;2100;0.1736;-0.766;10;40;20;30;5;0;0;2079;77;0;21;0;5.6;3.8;0;6.4;0;0;0;0;1.4;0;1;0;0;1.8;0;0;4;0;0;0;0;0;0;0;0;0;0;0;0;0;0;0;0;0;0;0;0;0;0;0;0;0;0;0;0;0;0;0;0;0;0;4.4;0;0;0;0;0;0;0;0;0;0;0;0;0;0;0;0;0;0;0;0;0;0;0;0;0;0;0;0;6.2;0;2;0;0;0;0;0;0;0;0.2;0;0;0;0;0;0;0;0;0;0;0;0;1.6;0;0;2.6;0;2;0;0;0;0;0;0;0;0;0;0;0;0;0;0;0;0;0;0;0;0;0;0;0;0;0;0
T1_2100R13;champa;N;vertical;granito;S;125;10.25;90;2100;0.766;-0.9848;2;80;5;8;3;5;2;2073;84;1;15;0;0.6;1.4;0;6.8;0;0;0;0;1.4;0;0;0;0;5;0;0;4.4;0;0;0;0;0;0;0;0;0;0;0;0;0;0;0;0;0.2;0;0;0;0;0;0;0;0;1;0;0;0;0;0;0;3;0;7;0;0;0;0;0;0;0;0;0;0;0;5.8;0;0;1.6;0;3.2;0;0;0;0;0;4.6;0;0;0;0;0;0;0.4;0;0;0;0;0;0;0;0;0;0;1.8;0;3;0;0;0.8;0;0;0;0;0;0;1.6;0;6.4;0;6.4;0;0.4;0;2;0;2.2;0;0;0;0;0;0;0;0;0;0;2;0;0;0;0;0;0;0;0;0
T1_2100R17;champa;plana;plana;granito;S;175;26.95;8;2100;0.9397;0.9397;10;70;10;5;2;3;3;2066;50;0;50;0;0.6;0;0;0;0;0;0;0;0;0;5;0;0;4;0;0;5.2;0;0;0;0;0;0;0;0;0;0;0;0;0;0;0;0;0;0;0;0;0;0;0;0;0;0;0;0;0;0;0;0;0;0;0;0;0;0;0.4;0;0;0;0;0;0;0;0;0;0;0;0;0;0;0;0;0;0;0;0;0;0;0;0;0.4;0;0.4;0;0;0;0;0;0;0;0;0;0;0;0;0;0;9;0;0;0;0;0;0.6;0;0;5.8;0;0.6;0;0;0;0;0;0;2;0;0;0;0;0;0;2.8;0;0;0;0;0;0;0;1.6;0;0;0;0
T1_2700R5;champa;plana;plana;granito;N;150;10.4;20;2700;-0.866;0.1736;30;50;5;15;0;25;0;2743;54;0;46;0;0;0;0;5.2;14.4;0;0;0;0;0;0;0;0;0.2;0;0;0.6;0;0;0;0;0;0;0;0;0;0;0;0;0;0;0;0;0;0;0;0;0;0;0;0;0;0;0;0;0;0;0;0;0;0;7.8;0;0;0;0;0;0;0;0;0;0;0;1.8;0;0;0;0;0;0;0;0;0;0;0;0;0;0;0;0;0;0;0;0;0;0;0;0;0;0;0;14.2;0;0;0;0;0;0;0;12.8;0;0;0;0;0.4;0;0;0;0;0;0;0;0;0;0.2;0;0;0;0;0;0;0;0;0;0;0;0;0;0;0;0;0;0;0;0
T1_2700R6;champa;plana;plana;granito;N;150;61.425;7;2700;-0.342;-0.8192;40;50;0;10;0;30;0;2738;58;0;42;0;0;0;0;3.8;9.6;0;0;0;0;0;0;0;0;0;0;0;0;0;0;0;0;0;0;0;0;0;0;0;0;0;0;0;0;0;0;0;0;0;0;0;0;0;0;0;0;0;0;0;0;0;0;0.4;0;0;0;0;0;0;0;0;0;0;0;0;0;0;0;0;0;0;0;0;0;0;0;0;0;0;0;0;9.4;0;0.4;0;0;0;0;0;0;0;0;16.4;0;0;0;0;0;0;0;0.8;0;0;0;0.4;0;0;1.8;0;0;0;0;0;0;0;0.8;0;0;0;0;0;0;0;0;0;0;0;0;0;0;0;0;0;0;0;0
T1_2700R1;champa;plana;plana;granito;S;135;14.85;12.5;2700;0;-0.5;20;70;15;5;5;3;0;2601;77;0;23;0;0;0;0;7;1.2;0;0;0;0;0;0;0;0;0;0;0;0.8;0;0;0;0;0;0;0;0;0;0;0;0;0;0;0;0;0;0;0;0;0;0;0;0;0;0;0;0;0;0;0;0;0;0;1.2;0;0;0;0;0;0;0;0;0;0;0;0;0;0;0;0;0;0;0;0;0;0;0;0;0;0;0;0;0.2;1.6;0;0;0;0;0;0;0;0;0;14.6;0;0;0;0;0;0;0;2.6;0;0;0;0;2.4;0;0;0;0;0;0;0;0;0;0;0;0;0;0;0;0;0;0;0;0;0;0;0;0;0;0;0;0;0;0
T1_2700R2;champa;plana;media;granito;N;180;23.18;40;2700;-0.5;0.342;20;80;0;1;7;0;0;2751;56;0;44;0;0;0;0;0.4;2.8;0;0;0;0;0;0;0;0;0;0;0;0.2;0;0;0;0;0;0;0;0;0;0;0;0;0;0;0;0;0;0;0;0;0;0;0;0;0;0;0;0;0;0;0;0;0;0;3.2;0;0;0;0;0;0;0;0;0;0;0;0;0;0;0;0;0;0;0;0;0;0;0;0;0;0;0;0;0.2;0;6.2;0;0;0;0;0;0;0;0;8.6;0;0;0;0;0;0;0;0;0;0;0;0;0;0;3.4;0;0;0;0;0;0;0;0.4;0;0;0;0;0;0;0;0;0;0;0;0;0;0;0;0;0;0;0;0
T1_2700R7;champa;plana;vertical;granito;N;150;24.375;80;2700;-1;-0.5;10;70;0;5;5;10;0;2745;66;0;34;0;0;0;0;4.8;4.2;0;0;0;0;0;0;0;0;0;0;0;0;0;0;0;0;0;0;0;0;0;0;0;0;0;0;0;0;0;0;0;0;0;0;0;0;0;0;0;0;0;0;0;0;0;0;5;0;0;0;0;0;0;0;0;0;0;0;0;0;0;0;0;0;0;0;0;0;0;0;0;0;0;0;0;0;0;6.4;0;0;0;0;0;0;0;0;2;0;0;0;0;0;0;0;21;0;0;0;0;0;0;7.2;0;0;0;0;0;0;0;1.2;0;0;0;0;0;0;0;0;0;0;0;0;0;0;0;0;0;0;0;0
T1_2700R3;champa;plana;media;granito;N;140;6.9;40;2700;-0.9397;-0.1736;40;55;0;15;0;0;0;2749;63;1.2;37;0;0;0;0;15.4;0;0;0;0;0;0;0;0;0;0;0;0;3;0;0;0;0;0;0;0;0;0;0;0;0;0;0;0;0;0;0;0;0;0;0;0;0;0;0;0;0;0;0;0;0;0;0;8.8;0;0;0;0;0;0;0;0;0;0;0;0;0;0;0;0;0;0;0;0;0;0;0;0;0;0;0;0;0;0;1.6;0;0;0;0;0;0;0;17;23.6;0;0;0;0;0;0;0;0;0;0;0;0;0;0;1.2;0;0;0;0;0;0;0;1.2;0;0;0;0;0;0;0;0;0;0;0;0;0;0;0;0;0;0;0;0
T1_2100R2;champa;S;vertical;granito;S;140;88.8;70;2100;0.9848;0.9397;10;75;5;5;0;5;0;2056;78;0;22;0;0;0;0;0;8.4;0;0;0;0;0;0;0;0;6.2;0;0;0;0;0;0;0;0;0;0;0;0;0;0;0;0;0;0;0;0;0;0;0;0;0;0;0;0;0;0;0;0;0;0;0;0;0;0.8;0;0;0;0;0;0;0;0;0;0;0;0;0;0;0;0;0;0;0;0;0;0;0;0.2;0;0;0;0;0;0;15.8;0;0;0;0;0;0;0;0;0;13;0;0;0;0;0;0;0;0;0;0;0;0;0;11.8;0;6;0;0;0;0;0;0;0;0;0;0;0;0;0;0;0;0;0;0;0;0;0;0;0;0;0;0
T1_2100R3;champa;N;vertical;granito;N;150;32.4;75;2100;-1;-0.866;25;30;25;1;10;10;0;2053;85;0;15;0;0;0;0;0;0;0;0;0;0;0;0;0;0;11.6;0;0;0;0;0;0;0;0;0;0;0;0;0;0;0;0;0;0;0;0;0;0;0;0;0;0;0;0;0;0;0;0;0;0;0;14.2;0;2.4;0;0;0;0.2;0;0;0;0;0;0;0;3;0;0;0;0.8;0;0;0;0;0;0;1.4;0;0;0;0;0;0;0;0;0;0;0;0;0;0;0;0;0;3;0;0.8;0;0;0;0;4.8;0;0;0;0;3.4;0;2.2;0;0;0.2;0.4;11.8;0;0;0;0;0;0;0;0;0;0;0;0;0;0;0;0;0;0;0;0;0;0;0
T2_1800R3;gigantes;S;vertical;granito;S;110;18.4;70;1800;0.6428;-0.342;50;20;0;5;10;20;0;1823;73;0;27;0;0;0;0;1.8;9.6;1.8;0;0;0;0;11.4;0;0;1.6;0;0;5.2;0;0;0;0;0;0;0;0;0;0;0;0;0;0;0;0;0;0;0;0;0;0.4;0;0;0;0;0;0;0;0;0;0;0.8;0;0.4;0;0;0;0;0;0;0;0;0;0;0;1.6;0;0;0;0;0;0;0;0;0;0;0;0;0;0;0;0;0;0;0;0;0;0;0;0;0;0;0;0;2.2;0;0;0;0;0;0;0.4;0;0;0.4;0;0;0;1.6;0;7.6;0;0;0;0;0;1.6;0;0;0;0;0;0;0;0;0;0;0;0;0;0;0;0;0;0;0;15.8
T2_1800R7;gigantes;N;vertical;granito;S;70;3.15;85;1800;0.9925;0.6428;5;20;0;5;10;5;35;1790;71;0;27;0;0;0;0;8;6.4;0;0;0;0;0;0;0;0;0;0;0;3;0;0;0;0;0;0;0;0;0;0;0;0;0;0;0;0;0;0;0;0;0;0;0;0;0;0;0;0;0;0;0;0;0;0;0.8;0;0;0;0;0;0;0;0;0;0;0;0;0;0;0;0;0;0.4;0;0;0;0;1.2;0;0;3.8;0;0;2;1.8;4.4;0;0;0;0;0;2.2;0;0;0;0;0;0;0;0;0;0;0;0;0;0;0;0;0;14.8;0;0.6;0;0;0;0;0;0;0;0;0;0;0;0;0;0;0;0;0;0;0;0;0;0;0;0;0;0
T2_1800R11;gigantes;S;vertical;granito;S;90;10.72;90;1800;0.5;-0.6428;1;70;10;10;5;5;0;1807;93.2;1;5.8;0;0;0;0;3.6;3;0;0;0;0;0;0;0;0;0;0;0;5.2;0;0;0;0;0;0;0;0;0;0;0;0;0;0;0;0;0;0;0;0;0;0;0;0;0;0;0;0;0;0;0;0;0;0;2;0;0;0;2;0;0;0;0;0;0;0;0;2.2;0;3.4;0;0;0;0;0;0;0;5.8;6.4;0;0;0;0;0;3.8;9.6;0;0;0;0;0;2.4;0;2.8;1.8;0;0;1;0;0;0;0;0;0;0;0;0;0;0;9.6;0;12.6;0;0;0;0;0;0;0;0;0;0;0;0;0;0;0;0;0;0;0;0;0;0;0;0;0;0
T2_1800R12;gigantes;plana;plana;granito;S;130;20.58;20;1800;0.9976;0.866;20;40;0;20;20;5;0;1805;0;0;0;0;0;0;0;1.2;5;0;0;0;0;0;0;0;6;0;0;0;0;0;0;0;0;0;0;0;0;0;0;0;0;0;0;0;0;0;0;0;0;0;0;0;0;0;0;0;0;0;0;0;0;0;0;0;0;0;0;0;0;0;0;0;0;0;0;0;0;0;0;0;0;0;0;0;0;0;0;0.2;0;0;0;0;13;18;0.8;0;0;0;0;0;0;0;0;0;0;0;0;0;0;0;0;0;0;0;0;0;0;0;0.6;0;0;0;0;0;0;0;0;0;0;0;0;0;0;0;0;0;0;0;0;0;0;0;0;0;0;0;0
T1_1800R9a;champa;plana;plana;granito;N;125;14.45;10;1800;-0.866;-0.866;15;70;0;2;5;5;10;1802;64;0;36;0;0;0;0;0.6;5;0;0;0;1.2;0;0;0;0;2.4;0;0;0;0;0;0;0;0;0;0;0;0;0;0;0;0;0;0;0;0;0;0;0;0;0;0;0;0;0;0;0;0;0;0;0.8;0;0;5.4;0;0;0;0;0;0;0;0;0;0;0;0;0;0;0;0;0.2;0;0;0;0;0;0;0;0;0;0;0;0;0;0;0;0;0;0;0;0;0;0;0;1.2;0;0;0;0;0;1;0;0;0;0;0;0;0;0.4;0;0.2;0;0;0;0;0;0;0;0;0;0;0;0;0;0;0;0;3;0;0;0;0;0;0;0;0;0
T1_1800R10;champa;plana;media;granito;N;143;25.5;40;1800;-0.6428;-0.866;15;75;0;0;5;5;3;1802;83.4;0;16.6;0;0;0;0;0.4;3.8;0;0;0;0;0;0;2.8;0;2.2;0;0;0;0;0;0;0;0;0;0;0;0;0;0;0;0;0;0;0;0;0;0;0;0;0;0;0;0;0;0;0;0;0;0;0.4;0;0;5.4;0;0;0;0;0;0;0;0;0;0;0;0;0;0;0;0;0;4.6;0;0;0;0;0;0;0;0;0;0;0;0;0;0;0;0;0;0;0;0;0;0;1.4;0;0;0;0;0;0;0;0;0;2.6;0;0;0;0.4;0;8.4;0;0;0;0;0;0;0;0;0;0;0;0;0;0;0;0;4.2;0;0;0;0;0;0;0;0;0
T2_2400R14;gigantes;plana;plana;granito;N;179;15.12;10;2400;-0.9397;-0.9659;5;60;0;30;20;0;10;2312;32;0;53.6;0;0;0;0;7;0;0;0;0;1.2;0;0;0;0;3.4;0;0;5.6;0;0;0;0;0;0;0;0;0;0;0;0;0;0;0;0;0;0;0;0;0;0;0;0;0;0;0;0;0;0;0;0;0;0;1.6;0;0;0;1.8;0;0;0;0;0;0;0;1.4;0;0;0;0;0;0;0;0;0;0;0;0;0;0;0;0;0.4;0.4;0.4;0;0;0;0;0;0;0;1.6;0;0;0;0;0;0;0;0;0;0;0;0;2.6;0;0;1.2;0;0;0;0;0;0;1.2;0;0;0;0;0;0;0;0;0;0;0;0;0;0;0;0;0;0;0;0;0
T2_2400R15;gigantes;S;vertical;granito;N;150;5.55;50;2400;-0.9397;-1;20;30;0;0;10;0;50;2312;79;3;18;0;0;0;0;5;0;0;0;0;1.4;0;0;0;0;7.4;0;0;0;0;0;0;0;0;0;0;0;0;0;0;0;0;0;0;0;0;0;0;0;0;0;0;0;0;0;0;0;0;0;0;0;1;1;4;0;0;0;0;0;0;0;0;0;0;0;2.8;0;0;0;0;0;0;0;0;0;0;8.8;0;0;0;0;0;0;0.4;0;0;0;0;0;0;0;0;6.6;0;0.4;0;1;0;0;1.2;0;0;0;0;0;0;3.2;0;9.2;0;0;0;0;0;0;1.2;0;0;0;0;0;0;0;0;0;0;0;0;0;0;0;0;0;0;0;0;0
T2_2400R17;gigantes;S;vertical;granito;S;170;4.437;80;2400;0.5;-0.8192;20;20;0;0;10;0;60;2303;76;0;24;0;0;0;0;7.8;0;0;0;0;2.8;0;0;0;0;4.4;0;0;0;0;0;0;0;0;0;0;0;0;0;0;0;0;0;0;0;0;0;0;0;0;0;0;0;0;0;0;0;0;0;0;0;0;0;1;0;0;0;0;0;0;0;0;0;0;0;4.6;0;0;0;0;0;0;0;0;0;0;8.4;0;0;0;0;0;0;1.2;0;0;0;0;0;0;0;0;5.4;0;0;0;0;0;0;0;0;0;0;0;0;0;2.4;0;4.4;0;0;0;0;0;0;5.6;0;0;0;0;0;0;0;0;0;0;0;0;0;0;0;0;0;0;0;0;0
T2_2400R18;gigantes;S;vertical;granito;N;110;9;83;2400;0;-0.9397;30;50;0;5;10;0;40;2297;60;0;40;0;0;0;0;7;0;0;0;0;2;0;0;0;0;0.8;0;0;0;0;0;0;0;0;0;0;0;0;0;0;0;0;0;0;0;0;0;0;0;0;0;0;0;0;0;0;0;0;0;0;0;2;1.8;3.2;0;0;0;0;0;0;0;0;0;0;0;5.4;0;0;0;0.2;0;0;0;0;0;0;4.8;0;0;0;0;0;0;2.6;0;0;0;0;0;0;0;0;3.4;0;0;0;2.6;0;0;0;0;0;0;0;0;0;1.4;0;1.6;0;0;0;0;0;0;7.4;0;0;0;0;0;0;0;0;0;0;0;0;0;0;0;0;0;0;0;0;0
T2_1200R1;gigantes;plana;plana;granito;N;160;85.377;10;1200;0;0.1736;10;80;5;1;5;5;0;1239;72;0;28;0;0.8;0;0;2.4;0;8.8;0;0;0;0;0;0;0;0;0;0;0.2;0;0;0;0;0;0;0;0;0;0;0;0;0;0;0;0;0;0;0;0;0;0;0;0;0;0;0;0;0;0;0;0;0;0;0;0;0;0;0;0;0;0;0;0;0;0;0;0;0;0;0;0;0;0;0;0;0;0;0;0;0;0;0;0;0;0;0;0;0;0;0;0;0;0.8;0;0;0;0;0;0;0;0;0;0;0;0;0;0;0;0.2;0;0;0;0;0;0;0;0;0;0;0;0;0;0;0;0;0;0;0;0;0;0;0;0;3;0;0;0
T2_1200R12;gigantes;S;vertical;granito;S;95;3.3;80;1200;0.9848;-0.5;30;50;10;10;20;5;0;1200;83.6;1;15.4;0;0;0;0;7.6;0;0;0;0;0;0;0;0;0;2.6;0;0;0;0;0;0;0;0;0;0;0;0;0;0;0;0;0;0;0;0;0;0;0;0;0;0;0;0;0;0;0;0;0;0;0;0;0;2.6;0;0;0;0;0;0;0;0;0;0;0;0;0;0;19.4;0;0;0.6;0;0;0;0;1.2;0;0;0;0;0;0;0;0;0;0;1.6;0;0;0;0;0;0;0;0;0;0;0;0;0;0;0;0;0;0;0;0;1.4;0;11.2;0;0;0;0;0;0;0;0;0;0;0;0;0;0;0;0;0;0;0;0;0;0;3;0;0;0
T1_2700R11;champa;plana;plana;granito;N;145;8.68;5;2700;-0.5;-0.9848;15;80;0;2;1;5;0;2724;64;0;36;0;0;0;0;4;0;0;0;0;0;0;6.8;0;0;0;0;0;0;0;0;0;0;0;0;0;0;0;0;0;0;0;0;0;0;0;0;0;0;0;0;0;0;0;0;0;0;0;0;0;0;0;6.8;3.6;0;0;0;3.4;0;0;0;0;0;0;0;0;0;0;0;0;0;0;0;0;0;0;0;0;0;0;0;0;0;0;0;0;0;0;0;0;0;0;1.2;0;0;0;0;0;0;13.2;0;0;0;0;0;0;0;0;0.4;0;0;0;0;0;0;0;0;0;0;0;0;0;0;0;0;0;0;0;0;0;0;0;0;0;0;0;0
T1_2700R12;champa;plana;vertical;granito;S;135;8.88;80;2700;0.5;0.766;8;85;0;1;1;0;0;2734;69;4;27;0;0;0;0;4.8;0;0;0;0;0.2;0;2.2;0;0;1;0;0;1.4;0;0;0;0;0;0;0;0;0;0;0;0;0;0;0;0;1.2;0;0;0;0;0;0;0;0;0;0;0;0;0;0;0;0;5;1.8;0;0;0;0;0;0;0;0;0;5.2;0;0;0;0;0;4.4;0;0;0;0;0;0;0;0;0;0;0;0;0;0.8;3;0;0;0;0;0;0;0;6.2;0;0.8;0;0.8;0;0;6.2;0;0;0;0;0;0;0;0;7.6;0;0;0;0;0;0;7.6;0;0;0;0;0;0;0;0;0;0;0;0;0;0;0;0;0;0;0;0;0
T1_2700R16;champa;plana;media;granito;N;160;23;38;2700;-0.1736;0.342;5;90;0;0;0;2;2;2752;60;0;40;0;0;0;0;2.4;0;0;0;0;0;0;9.8;0;0;0;0;0;0.8;0;0;0;0;0;0;0;0;0;0;0;0;0;0;0;0;0;0;0;0;0;0;0;0;0;0;0;0;0;0;0;0;0;1.8;0;0;0;0;0;0;0;0;0;0;0;0;0;0;0;0;0;0;0;0;0;0;0;0;0;0;0;0;0;0;0;2;0;0;0;0;0;0;0;6.8;0;0;0;0;0;0;15.6;0;0;0;0;0;0.4;0.8;0;0;0;0;0;0;0;0;0;0;0;0;0;0;0;0;0;0;0;0;0;0;0;0;0;0;0;0;0;0
T1_2700R13;champa;plana;plana;granito;S;175;11.27;5;2700;0.9848;0.1736;15;80;5;3;1;5;0;2755;54;0;46;0;0;0;0;1.6;0;0;0;0;0;0;5.4;0;0;0;0;0;1.4;0;0;0;0;0;0;0;0;0;0;0;0;0;0;0;0;0;0;0;0;0;0;0;0;0;0;0;0;0;0;0;0;0;0;3.8;0;0;0;0;0;0;0;0;0;1;0;0;0;0;0;0;0;0;0;0;0;0;0;0;0;0;0;0;0.2;0;14.6;0;0;0;0;0;0;0;0.4;0;0;0;0;0;0;1.4;0;0;0;0;0.2;1;0;0;1.4;0;0;0;0;0;0;4;0;0;0;0;0;0;0;0;0;0;0;0;0;0;0;0;0;0;0;0;0
T2_900R3;gigantes;N;vertical;granito;S;140;13.02;80;900;0.6428;0.766;10;30;0;30;0;5;0;904;11;0;89;0;0;0;0;0;0;0;0;0;0;0;0;0;5.2;0;0;0;1.4;0;0;0;0;0;0;0;0;0;0;1;0;0;0;0;0;0;0;0;0;0;0;0;0;0;0;0;0;0;0;0;0;0;0;0;0;0;0;0;0;0;13;0;0;0;0;0;0;0;0.4;0;0;0;0;0;0;0;0;0;0;0;0;0;0;0;0;0;0;0;0;0;0.8;0;0;0;0;0;0;0;0;0;0;0;0;0;0;0;8.4;0;0;0;1;0;0;0;0;0;0;0;0;2;0;0;0;0;0;0;0;0;0;0;0;0;0;0;0;0;0
T2_900R11;gigantes;plana;plana;granito;N;177;12.6;3;900;-0.9848;0.6428;5;80;20;10;5;5;0;915;50;0;50;0;0;0;0;0;0;0;0;0;0;0;5.2;0;3;9;0;0;1.8;0;0;0;0;0;0;0;0;0;0;0;0;0;0;0;0;0;0;0;0;0;0;0;0;0;0;0;0;0;0;0;0;0;0;0;0;0;0;0;0;0;0;0;0;0;0;0;0;0;0;0;0;0;0;0;0;0;0;0;0;0;0;0;0.8;0;0;0;5.2;0;0;0;0;0;0;0;0;0;0;0;0;0;0;0;0;0;0;0;0;0;0;0;0;0;0;0;0;0;0;2.4;0;0;0;0;0;0;8.6;0;0;0;0;0;0;0;0;1;0;0;0
T2_2100R8;gigantes;N;vertical;granito;N;152;10.396;90;2100;0;0.9397;30;10;10;10;10;20;30;2270;89;2;9;0;0;0;0;3.6;0;0;0;0;0;0;0;0;0;0;0;0;1.4;0;0;0;0;0;0;0;0;0;0;0;0;0;0;0;0;1.6;0;0;0;0;0;0;0;0;0;0;0;0;0;0;0;0;0.8;1.8;0;0;0;0;0;0;0;0;0;0;0;4.4;0;0;0;0;0;0;0;0;0;0;0;0;0;0;0;0;0;2;18.4;0;0;0;0;0;0;0;0;0;2.4;0;2.4;0;0;0;0;0;0;0;0;0;0;0;8.8;0;7.2;0;0;3.8;0;0;0;0;0;0;0.2;0;0;0;0;0;0;0;0;0;0;0;0;0;0;0;0
T3_1200R16;condorito;plana;plana;granito;S;160;29.89;20;1200;0.9848;0.866;5;40;20;30;10;10;10;1196;23;2;75;0;0;0;0;1.6;0;0;0;0;0;0;1.6;0;1;0;0;0;0;0;0;0;0;0;0;0;0;0;0;0;0;0;0;0;0;0;0;0;0;0;0;0;0;0;0;0;0;0;0;0;0;0;0;0;0;0;0;0;0;0;0.4;0;0;0;5.4;0;0;0;0;0;0;0;0;0;0;0;0;0;0;0;0;0;0;0;0;0;0;0;0;0;0;0;0;0;0;0;0;0;0;0;0;0;0;0;0;0;0;0;0;0;0;0;0;0;0;0;0;0;0;0;0;0;0;0;0;0;0;0;0;0;0;0;0;3.8;0;0;0
T3_1200R5;condorito;plana;plana;granito;S;170;7.81;40;1200;0.5;0.9397;40;40;20;10;10;10;0;1190;49;33;30;0;0;0;0;11.2;0;0;0;0;3.8;0;2.2;0;0;6;0;0;3;0;0;0;0;0;0;0;0;0;0;0;0.4;0.4;0;0;0;0;0;0;0;0;0;0;0;0;0;0;0;0;0;0;0;0;0;0;0;2.6;0;0;0;0;5;0;0;0;0;0;0;0;0.2;0;0;0;0;0;0;0;0;0;0;0;0;0;0;0;0;0;0;0;0;0;1;0;0;0;0;0;0;0;0;0;0;0;0;0;0;0;0;0;0;0;2.4;0;0;0;0;0;0;0;0;12.2;0;0.8;0;0;0;0;0;0;0;0;2;0;0;6.4;0;0;0
T3_1200R9;condorito;N;media;granito;S;160;0;40;1200;0.3256;-0.1736;40;30;20;20;5;20;0;1197;38;0;62;0;0;0;0;1.8;0;0;0;0;0;0;3.2;0;0;0.6;0;0;0;0;0;0;0;0;0;0;0;0;0;0;0;0;0;0;0;0;0;0;0;0;0;0;0;0;0;0;0;0;0;0;0;0;0;0;0;0;0;0;0;0;0;0;0;0;0;0;0;0;0;0;0;0;0;0;0;0;0;0;0;0;0;0;0;1;0;0;0;0;0;0;0.2;0;0;0;0;0;0;0;0;0;0;0;0;0;0;0;0;0;0;0;2.4;0;0;0;0;0;0;0;0;0;0;0;0;0;0;0;0;0;0;0;0;0;0;13.6;0;0;0
T3_1200R11;condorito;plana;plana;granito;N;178;20.7;3;1200;-0.0872;-0.5;10;80;0;5;1;5;0;1193;42;0;58;0;0;0;0;0;0;0;0;0;0;0;16.2;0;0;0;0;0;0;0;0;0;0;0;0;0;0;0;0;0;0;0;0;0;0;0;0;0;0;0;0;0;0;0;0;0;0;0;0;0;0;0;0;0;0;0;0;0;0;0;0;0;0;0;0;0;0;0;0;0;0;0;0;0;0;0;0;0;0;0;0;0;0;0;0;0;0;0;0;0;0;0;0;0;0;0;0;0;0;0;0;0;0;0;0;0;0;0;0.4;0;0;0;0;0;0;0;0;0;0;5.8;0;0;0;0;0;0;0;0;0;0;0;0;0;5.2;0;0;0
T3_1800R8;condorito;N;vertical;granito;N;100;5.98;75;1800;-1;-0.766;50;20;20;10;5;10;0;1836;81.8;0;18.2;0;0;2.4;0;1.4;0;0;0;0;2;0;0;0;0;0;0;0;1.2;0;0;0;0;0;0;0;0;0;0;0;0;0;0;0;0;0;0;0;0;0;1.8;0;0;0;0;0;0;0;0;0;1;0;0.8;3.6;0;4.2;0;2.4;0;0;0;0;0;0;0;4.4;0;0;6;0;0;4.6;0;0;0;0;4;0;0;0;0;0;0;0;0;0;0;0;0;0;0;0;0;0;0;1.4;2.2;0;0;0;0;0;0;0;0;0;0;0;6;0;5.6;0;0;0;0;0;15.4;0;0;0;0;0;0;0;0;0;0;0;0;0;0;0;0;0;0;0;0
T3_1800R14;condorito;S;vertical;granito;N;138;16.038;70;1800;-0.866;0.766;10;60;10;15;10;10;0;1844;80;0;20;0;0;0.6;0;1.2;0;0;0;0;0;0;0;0;0;9;0;0;4.6;0;0;0;0;0;0;0;0;0;0;0;0;0;0;0;0;0;0;0;0;0;0;0;0;0;0;0;0;0;0;0;0;0;4;3.8;0;0;0;0;0;0;0;0;0;0;0;0;0;0;0;0;0;11.2;0;0;0;0;1.4;0;0;0;0;0;0;3.2;0;0;0;0;0;0;0;0;0;0;0.6;0;0;0;0;0;0;0;0;0;0;0;0;0;3.4;0;0;0;0;0;0;0;19.4;0;0;0;0;0;0;0;0;0;0;0;0;0;0;0;0;0.6;0;0;0
T3_1800R13;condorito;S;media;granito;N;168;5.2;40;1800;-0.5;0.8192;5;70;5;10;5;10;0;1842;75.6;0;24.4;0;0;5.6;0;0.6;0;0;0;0;0;0;0;0;0;0;0;0;6.4;0;0;0;0;0;0;0;0;0;0;0;0;0;0;0;0;0;0;0;0;0;0;0;0;0;0;0;0;0;0;0;0;0;0;5.2;0;0;0;0;0;0;0;0;0;0;2;0;0;0;0.8;0;0;2.4;0;0;0;0;5.2;0;0;0;0;0;1.8;0.6;0;0;0;0;0;0;0;0;0;0;0.4;0;0;0;0;0;0;0;0;0;0;0.4;0;0;7.8;0;15.6;0;0;0;0;0;0;0;0;2.8;0;0;0;2.4;0;0;0;0;4;0;0;0;0;0;0;0;0
T3_1500R6;condorito;plana;plana;granito;S;157;38.5;0;1500;0.4226;0.5;70;30;15;3;10;5;0;1545;86;0;14;0;0;1.2;0;3.8;0;0;0;0;4.8;0;7.4;0;0;0;0;0;11;0;0;0;0;0;0;0;0;0;0;0;1.4;0;0;0;0;0;0;0;0;0;0;0;0;0;0;0;0;0;0;0;0;0;0;0;0;0;0;0;0;0;0;0;0;0;1.8;0;0;0;0;0;0;0;0;0;0;0;0.4;0;0;0;0;0;0;0;0;0;0;0;0;0;9.6;0;0;0;2.8;0;0;0;0;0;0;0;0;0;0;0;0;0;0.6;0;1.4;0;0;0;0;0;0;0;0;0;0;0;0;4.8;4.2;0;0;0;0;0;0;0;0;0;0;0;4.4
T3_900R16;condorito;plana;plana;granito;N;157;10.56;15;900;-0.6428;0.9848;10;40;20;20;5;10;0;1000;42;48;10;0;0;0.8;0;6;0;0;0;0;0;0;1.4;0;0;0;0;0;1.2;0;0;0;0;0;0;0;0;0;0;0;0;0;0;0;0;0;0;0;0;0;0;0;0;0;0;0;0;0;0;0;0;0;0;0;0;0;0;0;0;0;0;0;0;0;2;0;0;0;0;0;0;0;0;0;0;0;0;0;0;0;0;0;0;0;0;0;0;0;0;0;0;0;0;0;0;0;0;0;0;0;0;0;0;0;0;0;0;0;0;0;0.8;0;0;0;0;0;0;0;0;13.2;0;0;0;0;0;0;0;0;0;0;0;0;0;3.2;0;0;0
T3_1200R17;condorito;plana;vertical;granito;S;145;40.05;90;1200;0.9848;0.866;20;40;20;20;10;20;0;1209;88.6;0;37;0;0;2.8;0;5.8;0;0;0;0;0;0;2.6;0;1.4;6.6;0;0;4.2;0;0;0;0;0;0;0;0;0;0;0;0.8;0;0;0;0;0;0;0;0;0;0;0;0;0;0;0;0;0;0;0;0;0;0;6.4;0;0;0;0;0;0;3.8;0;0;0;1.6;0;0;0;5;0;0;6.2;0;0;0;0;0;0;0;0;0;0;0;3;0;0;0;0;0;0;4.2;0;0;0;0;0;0;0;0;0;0;0;0;0;0;0;0;0;1;0;15.8;0;0;0;0;0;0;0;0;1.2;0;0;0;0;0;0;0;0;0;0;0;0;0;18.4;0;0;0
T3_900R13;condorito;S;vertical;granito;S;137;8.99;90;900;0.342;0.9659;10;30;30;10;5;30;0;1019;83.6;0;16.4;0;0;0.8;0;0;0;0;0;0;0;0;8.2;0;0;0;0;0;0;0;0;0;0;0;0;0;0;0;0;0;0;0;0;0;0;0;0;0;0;0;0;0;0;0;0;0;0;0;0;0;0;0;0;0;0;0;0;0;0;0;8;0;0;0;0;0;0;0;3.8;0;0;0;0;0;0;0;0;0;0;0;0;0;0;0;0;0;0;0;0;0;6.6;0;0;0;0;0;0;0;0;0;0;0;0;0;0;0;0;0;0;0;1.8;0;0;0;0;0;0;0;0;15.6;0;0;0;0;0;0;0;0;0;0;0;0;0;15.6;0;0;0
T1_1800R1;champa;S;vertical;granito;S;120;37.2;80;1800;0.766;0.7071;10;70;0;0;0;5;0;1783;70;4;25;0;0;3.4;0;2.6;0;0;0;0;0;0;0;0;0;1.2;0;0;0;0;0;0;0;0;0;0;0;0;0;0;0;0;0;0;0;0.4;1.2;0;0;0;0;0;0;0;0;0;0;0;0;0;2;0;0;2.8;0;0;0;0;0;0;1.4;0;0;0;0;0;0;0;0;0;5.4;0;0;0;0;0;0.4;0;0;0;0;0;0;0;13.6;0;0;4;0;0;0;0;0;0;2;0;0;0;0;0;0;0;0;0;0;0;0;0;8.8;0;15;0;0;0;0;0;0;0;0;0;0;0;0;0;0;0;0;0;0;0;0;0;0;0;0;0;0
T1_1800R3;champa;N;vertical;granito;N;160;20.8;85;1800;-1;-0.7071;20;70;0;2;5;10;0;1795;72;8;20;0;0;0.4;0;2.4;0;0;0;0;0;0;0;0;0;4.4;0;0;0;0;0;0;0;0;0;0;0;0;0;0;0;0;0;0;0;0;0;0;0;0;0;0;0;0;0;0;0;0;0;0;0;0;1.6;0;0;0;0;0;0;0;0;0;0;0;0;1.8;0;0;0;0;2;0;0;0;0;2.4;0.8;0;0;0;0;0;0;0;2.8;0;0;0.6;0;0;0;0;0;0;1.2;0;0;0;0;0;0;0;0;0;13.2;0;0;0;1.4;0;3.8;0;0;3.8;0;0;2.2;0;0;0;0;0;0;0;0;0;0;0;0;0;0;0;0;0;0;0;0
T1_1800R4;champa;N;vertical;granito;S;105;8.625;90;1800;0.5;-0.766;40;55;0;0;1;5;0;1782;80;9;10;0;0;2.4;0;0;0;0;0;0;0;0;0;0;0;4.2;0;0;0;0;0;0;0;0;0;0.4;0;0;0;0;0;0;0;0;0;4;0.6;0;0;0;4.2;0;0;0;0;0;0;0;0;0;0;0;0;0.4;0;0;0;0;0;9.8;2.2;0;0;0;0;0;0;0;7.6;0;2.2;0;0;0.6;0;0;2.2;0;0;0;0;0;0;0;0;0;0;2.2;0;0;0;1.2;0;0;3;0;0;0;0;0;0;0;0;0;0;0;0;0;5.4;0;1.8;0;0;0;0;0;0;0;0;0;0;0;0;0;0;0;0;0;0;5;0;0;0;0;0;0;0
T1_1800R6;champa;plana;plana;granito;S;150;11.76;3;1800;0.1736;-0.7071;20;70;0;8;2;5;0;1800;75;0;25;0;0;0.8;0;0;3;0;0;0;0;0;0.8;4.6;0;18.8;0;0;0;0;0;0;0;0;0;0;0;0;0;0;0;0;0;0;0;0;0;0;0;0;0;0;0;0;0;0;0;0;0;0;0.4;0;0;4;0;0;0;1.6;0;0;0;0;0;0;0;0;0;0;0;0;0;0.8;0;0;0;0;2.4;0;0;0;0;0;0;0;0;0;0;0.6;0;0;0;0;0;0;4.6;0;0;0;0;0;0;0;0;0;0;0;0.4;0;0.8;0;8;0;0;0;0;0;0;0;0;0;0;0;0;0;0;2;0;0;0;9;0;0;3.4;0;0;0;0
T1_2400R4;champa;N;vertical;granito;N;130;6.56;90;2400;-0.5;-0.9848;8;50;30;10;5;5;5;2438;82;2;16;0;0;0.6;0;1.2;3.6;0;0;0;0.8;0;0;0;0;4.4;0;0;0.6;0;0;0;0;0;0;0;0;0;0;0;0;0;0;0;0;0.8;0;0;0;0;0;0;0;0;0;0;0;0;0;0;0;3.6;0;6;0;0;0;0;0;0;0;0;0;0;0;2.6;0;0;0;3;0.4;0;0;0;0;0;3;0;0;0;0;0;0;0;0;0;0;0;1;0;0;0;0.6;0;0;0;0;0;0;0;0;0;0;0;0;0;0;0;3.4;0;0;0;0;0;0;3.6;11.2;0;0;0;0;0;0;0;0;0;0;0;0;0;0;0;0;0;0;0;0
T1_2400R5;champa;N;vertical;granito;N;130;6.56;90;2400;-0.5;-0.9848;8;50;30;10;5;5;5;2438;28;0;72;0;0;0.2;0;0;0;0;0;0;0;0;2.6;0;0;0.2;0;0;0;0;0;0;0;0;0;0;0;0;0;0;0;0;0;0;0;0;0;0;0;0;0;0;0;0;0;0;0;0;0;0;0;0;0;0.4;0;0;0;0;0;0;0;0;0;0;0;0;0;0;0;0;0;0;0;0;0;0;0;0;0;0;0;0;0;0;5.8;0;0;0;0;0;0;0;0;0;0;0;0;0;0;1.4;0;0;0;0;0;0;0;0;2.4;0;0;0;0;0;0;0;0.2;0;0;0;0;0;0;0;0;0;0;0;0;0;0;0;0;0;0;0;0
T1_2400R8;champa;S;vertical;granito;S;150;8.36;55;2400;0.342;0.1736;10;60;40;0;5;5;0;2420;74;1;25;0;0;0.4;0;0;0;0;0;0;0;0;6.2;0;0;0.8;0;0;0.2;0;0;0;0;0;0;0;0;0;0;0;0;0;0;0;0;0;0;0;0;0;0;0;0;0;0;0;0;0;0;0;0;0;0.4;2.2;0;0;0;1;0;0;0;0;0;0;0.4;0;0;0;0;0;0.2;0;0;0;0;0;0;0;0;0;0;0;0;0;21;0;0;0;0;0;0;0;0;0.2;1.8;0;0;0;0;2.6;0;0;0;0;0;0;0;0;1.4;0;0;0;0;0;0;0;3.4;0;0;0;0;0;0;0;0;0;0;0;0;0;0;0;0;0;0;0;0
T1_2400R10;champa;plana;plana;granito;N;155;18.36;15;2400;-1;-0.5;10;60;15;2;2;5;15;2400;64;0;36;0;0;3.8;0;2.4;0;0;0;0;0;0;9;0;0;0.2;0;0;0.4;0;0;0;0;0;0;0;0;0;0;0;0;0;0;0;0;0;0;0;0;0;0;0;0;0;0;0;0;0;0;0;0;0;0;7.4;0;0;0;3.2;0;0;0;0;0;0;0;0;0;0;0;0;0;0;0;0;0;0;0;0;0;0;0;0;3.8;0;0;0;0;0;0;0;0;0;0.6;0;0;0;0;0;0;8.8;0;0;0;0;0;0.4;0.6;0;0.2;0;0;0;0;0;0;0;0.4;0;0;0;0;0;0;0;0;0;0;0;0;0;0;0;0;0;0;0;0
T1_2700R17;champa;N;media;granito;N;135;6.365;35;2700;-0.6428;-0.5;15;25;0;20;10;15;15;2745;92;0;8;0;0;1.6;0;18.2;0;0;0;0;4.8;0;9.6;0;0;0.8;0;0;0;0;0;0;0;0;0;0;0;0;0;0;0;2.2;0;0;0;0;0;0;0;0;0;0;0;0;0;0;0;0;0;0;0;0;13.6;2.6;0;0;0;2.4;0;0;0;0;0;0;0;0;0;0;0;0;0;0;0;0;0;0;0;0;0;0;0;0;0;0;0;0;0;0;0;0;0;0;12;0;0;0;0;0;0;7.8;0;0;0;0;0;0;0.6;0;0.8;0;0;0;0;0;0;0;0.6;0;0;0;0;0;0;0;0;0;0;0;0;0;0;0;0;0;0;0;0
T1_2700R18;champa;S;vertical;granito;S;112;6.8;80;2700;0.766;0.766;10;85;0;5;1;2;0;2748;80;0;20;0;0;4;0;11;0;0;0;0;0;0;0;0;0;2;0;0;0.8;0;0;0;0;0;0;0;0;0;0;0;0;0.6;0;0;0;0;0;0;0;0;0;0;0;0;0;0;0;0;0;0;0;0;6;1;0;0;0;4.2;0;0;0;0;0;0;0;5;0;0;0;0;0;0;0;0;0;0;0.2;0;0;0;0;0;0;0;6.2;0;0;0;0;0;0;0;3;0;0;0;0;0;0;14.2;0;0;0;0;0;0;1.6;0;2.2;0;0;0;0;0;0;0;3;0;0;0;0;0;0;0;0;0;0;0;0;0;0;0;0;0;0;0;0
T1_2400R12;champa;S;vertical;granito;S;140;16.38;75;2400;0.6428;0.5;10;50;35;3;3;10;0;2499;71;2;27;0;0;1;0;7;0;0;0;0;0;0;0;0;0;2.4;0;0;0;0;0;0;0;0;0;0;0;0;0;0;0;0.4;0;0;0;0;0;0;0;0;0;0;0;0;0;0;0;0;0;0;0;0;0;1;0;0;0;0;0;0;0;0;0;0;0;0;0;0;0;3;0.2;0;0;0;0;0;0;0;0;0;1;0;0;0;1.6;0;0;0;0;0;0;0;0;0;9.6;0;0;0;0;0;0;0;0;0;0;0;0;0;11;0;3.2;0;0;0;0;0;7.8;0;0;0;0;0;0;0;0;0;0;0;0;0;0;0;0;0;0;0;0
T3_2100R16;condorito;S;media;granito;S;160;9.28;45;2100;0.866;0.788;30;60;1;5;5;10;1;2139;82.6;0;17.4;0;0;0.4;0;0;0;0;0;0;0;0;0;0;0;0;0;0;14.6;0;0;0;0;0;0;0;0;0;0;0;0;0;0;0;0;0;0;0;0;0;0;0;0;0;0;0;0;0;0;0;0;0;0;5.4;0;0;0;0;0;0;0;0;0;0;2.4;0;0;0;0;0;0;2.4;0;0;0;0;4.6;0;0;0;0;0;0;0;6;0;0;0;0;0;0.8;0;0;0;1.8;0;0;0;0;0;0;0;0;0;0;0;0;0;9.8;0;14;0;0;0;0;0;0;0;0;0;0;0;0;0;0;0;0;0;0;0;0;0;0;0;0;0;0
T3_2100R17;condorito;plana;plana;granito;S;169;11.61;1;2100;0.9397;-0.766;1;60;0;5;5;5;50;2152;76;2;22;0;0;0.6;0;1;0;0;0;0;0;0;0.6;0;0;0;1.4;0;7.4;0;0;0;0;0;0;0;0;0;0;0;0;0;0;0;0;0;0;0;0;0;0;0;0;0;0;0;0;0;0;0;0;0;0;0;0;0;0;0;0;0;0;0;0;0;0;0;0;0;0;0;0;0;0;0;0;0;1.2;0;0;0;0;0;4.4;0;0;0;0;0;0;0;0;0;0;0;0;0;0;0;0;0;0;0;0;0;0;11;0;0;0;0;3;0;0;0;0;0;0;0;0;0;0;11;0;0;0;0;0;0;0;0;0;0;0;0;0;0;0
T4_2100R12;linderos;N;vertical;gneiss;N;140;6.4;80;2100;-0.342;-1;10;30;0;15;0;5;50;2154;78;2;20;0;0;0.6;0;1.8;0;0.4;0;0;0;0;0;0;0;7.2;0;0;0.8;0;0;0;0;0;0;0;0;0;0;0;0;0.2;0;0;0;0.2;0;0;0;0;0;0;0;0;0;0;0;0;0;0;2;0;0;7.4;0;0;0;0;0;0;1.4;0;0;6.8;0;0.2;0;0;0;0.2;0;7.6;0;0;0;0;7.2;0;0;0;0;0;0;1.4;0;0;0;0;0;0;0.8;0;4;0.2;1.2;0;0.4;0;0;0;0;0;0;0;0;0;3.8;0;3;0;5.2;0;0;0;0;5.2;2;0;0;0;0;0;0;0;0;0;0;0;0;0;0;0;0;0;0;0;0
T4_2100R14;linderos;plana;plana;gneiss;N;130;10.54;10;2100;-0.766;-0.9848;5;60;0;15;3;5;20;2151;58;16;32;0;0;0.8;0;3.4;4.4;0;0;0;0.2;0;0;0;0;6.4;0;0;0.2;0;0;0;0;0;0;0;0;0;0;0;0;1.2;0;0;0;0;0;0;0;0;0;0;0;0;0;0;0;0;0;0;0;0;0;8.2;0;0;0;2.2;0;0;0;0;0;0.8;0;0;0;0;0;0.4;0;2.4;0;0;0;0;1.8;0;0;0;0;0;0;0.4;2.4;0;0;0;0;0;0.4;0;0;0;0;0;0.4;0;0;0;0;0;0;0;0;0;3.6;0;2.2;0;11.2;0;0;0;0;0;0;0;0;0;0;0;0;0;0;0;0;0;0;0;0;0;0;1.2;0;0;0
T4_2400R5;linderos;N;vertical;gneiss;N;165;12.6;90;2400;-0.1736;-0.766;5;75;20;0;0;5;0;2433;85;1;14;0;0;6;0;11.6;0;0;0;0;0;0;0;0;0;1.2;0;0;5.2;0;0;0;0;0;0;0;0;0;0;0;0;0.8;0;0;0;0;0;0;0;0;0;0;0;0;0;0;0;0;0;0;0;0;4.4;1.8;0;0;0;0;0;0;0;0;0;0;0;0;0;0;0;0.8;0;0;0;0;0;0;0;0;0;0;0;0;0;1;0;0;0;0;0;0;0;0;5.2;0;0.8;0;0;0;1;0;0;1.4;0;0;0;0;2.2;0;3.4;0;0;0;0;0;0;1.2;6.2;0;0;0;0;0;0;0;0;0;0;0;0;0;0;0;0;0;0;0;0
T4_2400R11;linderos;N;vertical;gneiss;S;155;7.04;90;2400;0;-0.9848;15;75;0;0;1;15;0;2425;84.4;3;12.6;0;0;5.4;0;1.4;0;0;0;1.2;0;0;0;0;0;2.4;0;0;2.8;0;0;0;0;0;0;0;0;0;0;0;0;1.2;0;0;0;0.2;0;0;0;0;0;0;0;0;0;0;0;0;0;0;2.4;1.8;1.4;3;0;0;0;0.4;0;0;0;0;0;0;0;1;0;0;0;0;0;0;0;0;0;0;0;0;0;0;0;0;0;1.6;0;0;0;0;0;0;0;0;1.8;0;0.8;0;0;0;8.2;0;0;0;0;0;0;0;1.6;0;6.4;0;2.6;0;0;0;0;0;0.6;0;0;0;0;0;0;0;0;0;0;0;0;0;0;0;0;0;0;0;0
T4_2400R15;linderos;plana;plana;gneiss;S;165;8.4;12;2400;0;-0.9397;10;80;1;0;0;10;0;2413;60;0;40;0;0;13.8;0;0.2;5;0;0;0;0;0;0;0;6;0;0;0;0;0;0;0;0;0;0;0;0;0;0;0;0;0;0;0;0;0;0;0;0;0;0;0;0;0;0;0;0;0;0;0;0;0;0;0.8;0;0;0;9.6;0;0;0;0;0;0;0;0;0;0;0;0;0;0;0;0;0;0;0;0;0;0;0;0;0.6;0;4;0;0;0;0;0;0;0;0;1;0;0;0;0;1.8;0;0;0;0;0;0;0;0;0;3.8;0;0;0;0;0;0;0;0;0;0;0;0;0;0;0;0;0;0;0;0;0;0;0;0;0;0;0;0
T4_2700R9;linderos;N;media;gneiss;N;163;4.81;40;2700;-0.1736;-0.9848;25;55;0;10;0;10;5;2668;87;1;12;0;0;1.2;0;13.6;11.4;0;0;0;0;0;0;0;0.4;2;0;0;4;0;0;0;0;0;0;0;0;0;0;0;0;3.6;0;0;0;0;0;0;0;0;0;0;0;0;0;0;0;0;0;0;0;0;9.4;0.6;0;0;0;4.4;0;0;0;0;0;0;0;0;0;0;0;0;0;0;0;0;0;0;0;0;0;0;0;0;0;0;0;0;0;0;0;0;0;0;12.4;0;0;0;0;0;1.6;0;0;0;0;0;0;0;4.4;0;1.8;0;0;0;0;0;0;0;0.6;0;0;0;0;0;0;0;0;0;0;0;0;0;0;0;0;0;0;0;0
T4_2700R10;linderos;N;media;gneiss;N;173;26.68;40;2700;-0.9848;-1;15;70;0;10;2;7;5;2670;76;0;20;0;0;1.2;0;15.8;1.2;0;0;0;0;0;0;0;0.4;0.6;0;0;1.4;0;0;0;0;0;0;0;0;0;0;0;0;0.8;0;0;0;0;0;0;0;0;0;0;0;0;0;0;0;0;0;0;0;0;14.8;0;0;0;0;3.8;0;0;0;0;0;0;0;0;0;0;0;0;0;0;0;0;0;0;0;0;0;0;0;0;0;0;0.8;0;0;0;0;0;0;0;1.8;0;0;0;0;0;0.2;0;0;0;0;0;0;0;0.4;0;1.8;0;0;0;0;0;0;0;1.8;0;0;0;0;0;0;0;0;0;0;0;0;0;0;0;0;0;0;0;0
T4_2700R13;linderos;N;vertical;gneiss;N;130;20.7;85;2700;-0.9397;-0.1736;20;70;0;5;2;5;0;2676;56;6;40;0;0;0.4;0;11.2;0;0;0;0;0;0;0;0;0;1;0;0;1.8;0;0;0;0;0;0;0;0;0;0;0;0;0;0;0;0;0;0;0;0;0;0;0;0;0;0;0;0;0;0;0;0;0;3;1.4;0;0;0;0;0;0;0;0;0;0;0;0;0;0;0;0;0;0;0;0;0;0;0.6;0;0;0;0;0;0;2.4;0;0;0;0;0;0;0;0;16.8;7.8;0;0;0;0;2.8;0;0;0;0;0;0.4;0;0;0;2.6;0;0;0;1.2;0;0;0;3.2;0;0;0;0;0;0;0;0;0;0;0;0;0;0;0;0;0;0;0;0
T4_2700R15;linderos;plana;plana;gneiss;N;170;20.16;10;2700;-0.1736;0.5;10;85;0;0;0;5;0;2675;36;0;64;0;0;4.6;0;4.8;2.2;0;0;0;0;0;0;0;0;0;0;0;0.8;0;0;0;0;0;0;0;0;0;0;0;0;0;0;0;0;0;0;0;0;0;0;0;0;0;0;0;0;0;0;0;0;0;1;1.4;0;0;0;6.6;0;0;0;0;0;0;0;0;0;0;0;0;0;0;0;0;0;0;0;0;0;0;0;0;1;0;6.2;0;0;0;0;0;0;0;1.6;0;0;0;0;0;0;0;0;0;0;0;0;0;0;0;1;0;0;0;0.2;0;0;0.6;0.2;0;0;0;0;0;0;0;0;0;0;0;0;0;0;0;0;0;0;0;0
T4_2700R16;linderos;S;media;gneiss;S;157;7.8;40;2700;0.9848;0.9848;5;30;10;30;15;15;0;2673;53;0;45;0;0;4.8;0;0;17.6;0;0;0;0;0;0;0;2;0;0;0;0;0;0;0;0;0;0;0;0;0;0;0;0;1;0;0;0;0;0;0;0;0;0;0;0;0;0;0;0;0;0;0;0;0;1.8;0.8;0;0;0;2;0;0;0;0;0;0;0;0;0;0;0;0;0;0;0;0;0;0;0;0;0;0;0;0;0;0;6.2;0;0;0;0;0;0;0;1.4;0;0;0;0;0;0;0;0;0;0;0;0;0;0;0;7.2;0;0;0;0;0;0;0;1.2;0;0;0;0;0;0;0;0;0;0;0;0;0;0;0;0;0;0;0;0
T4_2700R18;linderos;S;vertical;gneiss;S;110;11.22;70;2700;0.5;0.9397;20;75;0;0;0;10;0;2664;84;4;12;0;0;2.4;0;5.2;12.6;0;0;0;0;0;0;0;0;2;0;0;0.2;0;0;0;0;0;0;0;0;0;0;0;0;0;0;0;0;0;0;0;0;0;0;0;0;0;0;0;0;0;0;0;0;0;4.2;4;0;0;0;2;0;0;0;0;0;0;0;0;0;0;0;0;0;0;0;0;0;0;0;0;0;0;0;0;0;5.8;11.8;0;0;0;0;0;0;0;2.2;0;0;0;0;0;0;0;0;0;0;0;0;0;0;0;4.2;0;0;0;0;0;0;0;2;0;0;0;0;0;0;0;0;0;0;0;0;0;0;0;0;0;0;0;0
T4_900R13;linderos;N;vertical;gneiss;N;137;10.71;70;900;-0.766;-0.766;0;20;40;5;1;2;0;940;76;10;14;0;0;0.6;0;4.6;0;0;0;0;0;0;0;0;0;0;0;0;1.8;0;3.2;0;0;0;0;0.8;0;0;0;1;0;0;0;0;0;0;0;0;0;0;0;0;0;0;0;0;0;0;0;0;0;0;0;0.4;0;0;0;0.6;0;0;0.4;0;0;0;0;0;0;0;15.6;0;0;3.2;0;0;0;0;0;0;0;0;0;0;0;0;0;0;0;0;0;0;0.8;1;0;0;0;0;4.2;0;0;0;0;0;0;0;0;0;0;0;0;0;14;0;0;0;0;0;0;0;0;0;0;0;0;0;0;0;0;0;0;0;0;0;1.8;0;0;0;0
T1_1200R1;champa;plana;plana;granito;N;175;6;10;1200;-0.9848;0.9397;0;70;15;5;5;10;0;1301;54;25;17;0;0;0.6;0;5.4;7.2;0;0;0;0;0;0;0;0;6.2;0;0;0;0;0;0;0;0;0;0;0;0;0;0.4;0;1.6;0;0;0;0;0;0;0;0;0;0;0;0;0;0;0;0;0;0;0;0;0;3.4;0;0.8;0;0;0;0;0;0;0;0;0.2;0;0;0;0;0;0;0;0;0;0;0;0;0;0;0;0;0;0;0;0;0;0;0;0;0;0;0;0;0;0;0;0;0;0;0;0;0;0;0;0;0;0;0;0;0;0;0;0;0;0;0;0;0;0;0;0;0;0;0;0;0;0;0;3.6;5.8;0;0;0;0;0;0;0
T1_1200R10;champa;plana;plana;granito;S;175;6.12;5;1200;0.9063;-0.5;0;70;5;15;10;5;10;1301;42;9;49;0;0;0.8;0;5.4;1;0;0;0;0;0;0;0;0;0.8;0;0;0.8;0;0;0;0;0;0;0;0;0;0;1.4;0;0.4;0;0;0;0.2;0;0;0;0;0;0;0;0;0;0;0;0;0;0;0;0;0;0;0;0;0;0;0;0;0;0;0;0;0.4;0;0;0;0;0;0;1.4;0;0;0;0;0;0;0;0;0;0;0;0;0;0;0;0;0;0;0;0;0;0;0;0;0;0;0;0;0;0;0;0;0;0;0;0;0;0;1.8;0;0;0;0;0;0;5;0;0.8;0;0;0;0;0;0;0;0;0;0;0;0.6;0;1.6;0;0;0
T1_1200R13;champa;N;vertical;granito;N;160;13.5;85;1200;-0.5;-0.9848;0;20;40;15;15;10;5;1301;92;1;7;0;0;0.2;0;0;0;0;0;0;0;0;0;0;0;3.6;0;0;0.8;0;0;0.2;0;0;0;0;0;0;0;0;0;0;0;0;0;0;0;0;0;0;7;0;0;0;0;0;0;0;0;0;0.8;0;0;0;0;0;0;0;0;0;1.4;0;0;0;0;0;0;0;24.6;0;0;0;0;0;0;0;0;0;0;0.8;0;0;0;0;0;0;0;0;0;0;0;0;0;0;0;0;0.4;0;0;0;0;0;0;0;0;0;0;0;0;0;4;0;0;0;0;0;0;0;0;0;0;0;0;0;0;0;0;0.2;0;0;0;0;0;0;0;0;0
T1_1200R17;champa;plana;plana;granito;S;120;14.5;0;1200;0.766;0.5;0;80;1;10;5;5;0;1300;30;2;70;0;0;1.7;0;1.4;1.4;0;0;0;0.4;0;1.8;0;0;1.9;0;0;0.6;0;0;0;0;0;0;0;0;0;0;0;0;1.2;0;0;0;0;0;0;0;0;0;0;0;0;0;0;0;0;0;0;0;0;0;2;0;0;0;0;0;0;0;0;0;0;0;0;0;0;0;0;0;0;0;0;0;0;0;0;0;0;0;0;0.4;0;0;0;0;0;0;0;0;0;0;0;0;0;0;0;0;0;0;0;0;1.4;0;0;0;0;0;0;2;0;0;0;0;0;0;0;0;5.4;0;0;0;0;0;0;0;0;0;0;0;0;0;1.2;0;0;0
T1_2100R14;champa;N;vertical;granito;S;118;37.62;80;2100;0.5;-0.766;5;80;8;10;3;5;0;2065;82;2;16;0;0;0.4;0.4;0;0;0;0;0;0;0;0;0;0;1.8;0;0;1;0;0;0;0;0;0;0.2;0;0;0;0;0;0;0;0;0;0;0;0;0;0;0;0;0;0;0;0;0;0;0;0;1;5.4;0;2.4;0;0;0;0;0;0;1;0;0;0.4;0;0;0;0;11;0;2.4;6;0;0;0;0;8.4;0;0;0;0;0;0;0;0;0;0;0;0;0;0;0;0;0.6;0.6;0;0.4;0;0;0;0;0;0;0;0;0;0;0;0;0;7.4;0;0;0;5;0.2;2.8;0;0;0;0;0;0;0;0;0;0;0.8;0;0;0;0;0;0;0;0;0
T1_2100R9;champa;N;vertical;granito;S;110;13.75;80;2100;0.342;-0.9397;5;75;15;5;1;5;5;2075;92;2.6;5.4;0;0;0;3.2;0;0;0;0;0;0;0;0;0;0;1.2;0;0;4.8;0;0;0;0;0;0;0;0;0;0;0;0;0;0;0;0;0;0;0;0;0;0;0;0;0;0.2;0;0;0;0;0;1.6;0;0;7.8;0;0;0;0;0;0;0;0;0;4.8;0;0;0;0;0.6;0;1.4;3.2;0;0;0;0;4.4;0;0;0;0;0;0;0;0;0;0;0;0;0;0;0;0;0;4;0;1.4;0;4.8;0;0;0;0;0;0;0;2.2;0;5;0;1.6;0;0;0;12.6;0;5.6;0;0;0;0;0;0;0;0;0;0;2.4;0;0;0;0;0;0;0;0;0
T1_2100R18;champa;plana;plana;granito;S;170;32.88;5;2100;0.9397;0.1736;2;85;5;8;1;3;0;2068;48;0;52;0;0;0;0.4;0;0;0;0;0;0;0;0.8;0;0;3.8;0;0;5.2;0;0;0;0;0;0;0;0;0;0;0;0;0.8;0;0;0;0;0;0;0;0;0;0;0;0;0;0;0;0;0;0;0;0;1;1.4;0;0;0;1;0;0;0;0;0;0;4;0;0;0;0;0;0;0;0;0;0;0;0;0;0;0;0;0;0;0;0;0;0;0;0;0;0;0;0;0;0;0;0;0;0;7.4;0;0;0;0;0;0.6;0;0;6.2;0;2.2;0;0;0;0;0;0;0;0;0;0;0;0;0;2.4;0;0;0;0;0;0;0;0;0;0;0;0
T2_1800R2;gigantes;plana;plana;granito;S;140;31.5;20;1800;0.342;-0.9397;20;60;0;10;5;10;0;1856;63;4;33;0;0;0;0;2.2;1;0;0;0;0;0;0;0;0;2.8;0;0;5.8;0;0;0;0;0;0;0;0;0;0;0;0;0;0;0;0;0;0;0;0;0;0;0;0;0;0;0;0;0;0;0;0;0.6;0;1;0;0;0;0;0;0;0;0;0;0;0;0.6;0;0;0;0;0;0;0;0;0;0;0;0;0;0;0;0;0;0;0;0;0;0;0;0;0;0;0;0;1;0;1.2;0;0;0;0;0;0;0;0;0;0;0;9.6;0;8.2;0;0;0;0;0;5.8;0;0;0;0;0;0;0;0;0;0;0;0;0;0;0;0;0;0;0;13.2
T2_1800R8;gigantes;plana;plana;granito;S;160;7.98;7;1800;0.766;0.9986;5;80;0;5;10;5;0;1800;33;0;77;0;0;0;0;0.4;3.6;0;0;0;0;0;0;0;0.6;0;0;0;0;0;0;0;0;0;0;0;0;0;0;0;0;0;0;0;0;0;0;0;0;0;0;0;0;0;0;0;0;0;0;0;0;0;0;0;0;0;0;1.4;0;0;0;0;0;0;0;0;0;0;0;0;0;0;0;0;0;0;0;0;0;0;0;0;24;0;0.6;0;0;0;0;0;0;0;0;0;0;0;0;0;0;0;0;0;0;0;3.6;2.2;0;0;0;0;0;0;0;0.2;0;0;0;0;0;0;0;0;0;0;0;0;0;0;0;0;0;0;0;0;0;0;0
T2_2400R5;gigantes;plana;media;granito;N;150;7.98;40;2400;-0.6428;0;20;30;0;10;30;0;0;2300;52;0;48;0;0;0;0;1.2;4;0;0;0;0;0;0;0;0;0;0;0;1.8;0;0;0;0;0;0;0;0;0;0;0;0;0;0;0;0;0;0;0;0;0;0;0;0;0;0;0;0;0;0;0;0;0;0;1;0;0;0;0.2;0;0;0;0;0;0;0;0;0;0;0;0;0;0;0;0;0;0;0;0;0;0;0;0;1;4.8;6;0;0;0;0;0;0.4;0;0;0;0;0;0;0;0;0;0;0;0;0;0;3.2;0;0;16.2;0;6.8;0;0;0;0;0;0;0;0;0;0;0;0;0;0;0;0;0;0;0;0;0;0;0;0;0;0
T3_1800R2;condorito;plana;plana;granito;S;150;19.53;10;1800;0.9848;0.9848;20;60;10;5;10;5;0;1858;57;5;45;0;0;0;0;1.2;0;0;0;0;0;0;0;0;0;0;0;0;18.4;0;0;0;0;0;0;0;0;0;0;0;0;0;0;0;0;0;0;0;0;0;0;0;0;0;0;0;0;0;0;0;0;0;0;0.8;0;0;0;0;0;0;0;0;0;0;0;0;0;0;0;0;0;0;0;0;0;0;1.2;0;0;0;0;0;0;0;2;0;0;0;0;0;1.4;0;0;0;0;0;0;0;0;3.6;0;0;0;0;0;5;0;0;0.4;0;17;0;0;0;0;0;0;0;0;0;0;0;0;0;0;0;0;4;0;0;0;0;0;0;0;0;0
T2_1800R12a;gigantes;N;vertical;granito;N;150;6;70;1800;-0.6428;0.1736;20;40;10;5;5;10;40;1880;90;1;9;0;0;0;0;0.4;0;0;0;0;0;0;0;0;0;0;0;0;5.4;0;0;0;0;0;0;0;0;0;0;0;0;0;0;0;0;0.2;0;0;0;0;0;0;0;0;0;0;0;0;0;0;0;0;0;0;0;0;0;0;0;0;0;0;0;0;0;0;0;0;0;0;0;1.6;0;0;0;0;0;0;0;0;0;0;0;0;17.2;0;0;0;0;0;0;0;0;0;7.2;0;0;0;0;0;0;0;0;0;0;0;0;0;6.4;0;23.4;0;0;0;0;0;0;0;0;0;0;0;0;0;0;0;0;0;0;0;0;0;0;0;0;0;0
T1_1800R12;champa;plana;plana;granito;S;153;16.5;12;1800;0.1736;0.342;10;80;0;5;5;5;0;1805;86;0;14;0;0;0;0;1;1.2;0;0;0;0.8;0;0;0;0;16.2;0;0;0;0;0;0;0;0;0;0;0;0;0;0;0;0;0;0;0;0;0;0;0;0;0;0;0;0;0;0;0;0;0;0;0;0;0;3.2;0;0;0;0;0;0;0;0;0;0;0.6;0;0;0;0;0;0;0.8;0;0;0;0;1.2;0;0;0;0;0;0;0;1.4;0;0;0;0;0;0;0;0;0;1;0;0;0;1.2;0;0.6;0;0;0;1;0;0;0;18.8;0;18.6;0;0;0;0;0;0;0;0;0;0;0;0;0;0;0;0;4.4;0;0;0;0;0;0;0;0;0
T2_2400R6;gigantes;S;media;granito;S;117;5.88;40;2400;0.9998;-0.766;20;10;0;40;20;10;0;2299;70;0;32;0;0;0;0;2;0;0;0;0;0;0;0;0;0;1.8;0;0;1.6;0;0;0;0;0;0;0;0;0;0;0;0;0.8;0;0;0;0;0;0;0;0;0;0;0;0;0;0;0;0;0;0;0;0;0;0.4;0;0;0;14.6;0;0;0;0;0;1;0;1;0;0;0;0;0;0;0;0;0;0;2.4;0;0;0;0;0;0;0;0;0;0;0;0;0;0;0;4.8;0;0;0;0;0;0;0;0;0;0;0;0;0.2;0;0;12;0;0;0;0;0;0;0;1.4;0;0;0;0;0;0;0;0;0;0;0;0;0;0;0;0;0;0;0;0
T2_2400R9;gigantes;plana;plana;granito;N;177;20.4053;15;2400;-0.5;-0.5;20;40;0;0;0;0;0;2292;28;0;72;0;0;0;0;0.4;0;0;0;0;0;0;0;0;0;3.8;0;0;2.8;0;0;0;0;0;0;0;0;0;0;0;0;0;0;0;0;0;0;0;0;0;0;0;0;0;0;0;0;0;0;0;0;0;0.4;1.4;0;0;0;2.6;0;0;0;0;0;0;0;0;0;0;0;0;0;0;0;0;0;0;0;0;0;0;0;0;0.4;0;1.2;0;0;0;0;0;0;0;3.8;0;0;0;1.6;0;0;1;0;0;0;0;0;2;0.8;0;1.8;0;0;0;0;0;0;0.8;0;0;0;0;0;0;0;0;0;0;0;0;0;0;0;0;0;0;0;0;0
T2_2400R11;gigantes;N;vertical;granito;S;163;6.012;70;2400;0.1736;0.9397;20;10;1;20;10;0;0;2313;87;1;12;0;0;0;0;4.2;0;0;0;0;0;0;0;0;0;8.4;0;0;0.4;0;0;0;0;0;0;0;0;0;0;0;0;0;0;0;0;0;0;0;0;0;0;0;0;0;0;0;0;0;0;0;0;2.2;0.6;0.4;0;0;0;0;0;0;0;0;0;0;1.6;0;0;0;0;0;0.6;0;0;0;0;0;7.4;0;0;0;0;0;0;2;11.6;0;0;0;0;0;0;0;0;0;3.8;0;0.8;0;0;0;0;0;0;0;0;0;0;0;14.8;0;0;0;0;0;0;14.8;0;0;0;0;0;0;0;0;0;0;0;0;0;0;0;0;0;0;0;0;0
T2_1500R11;gigantes;S;vertical;granito;N;101;29;70;1500;-0.1736;-0.7071;30;30;20;5;20;10;0;1421;70;4;26;0;0;0;0;0.8;4.4;0;0;0;0;0;1.2;0;0;17.8;0;0;0.4;0;1.6;0;0;0;0;0;0;0;0;0;0;0;0;0;0;0;0;0;0;0;0;0;0;0;0;0;0;0;0;0;0;0;0;1.6;0;0;0;0;0;0;2.4;0;0;0;0;0;0;0;5.4;0;0;0;0;0;0;0;0;0;0;0;0;0;0;0.4;0;0;0;0.4;0;0;0;5;0;0;0;0;0;0;0;0;0;0;0.8;0;0;0;0;0;6.4;0;4;0;0;0;0;0;0;0;0;0;0;0;0;0;0;0;0;0;0;0;0;0;0;4.6;0;0;0
T1_2700R9;champa;plana;vertical;granito;N;140;9.01;70;2700;-0.342;0.5;10;80;0;0;2;5;5;2730;54;2.2;43.8;0;0;0;0;13.6;0;0;0;0;0;0;0;0;0;0;0;0;0;0;0;0;0;0;0;0;0;0;0;0;0;0;0;0;0;0;0;0;0;0;0;0;0;0;0;0;0;0;0;0;0;0;2.8;2.6;0;0;0;0;0;0;0;0;0;0;0;0;0;0;0;0;0;0;0;0;0;0;0;0;0;0;0;0;0;0;7.6;0;0;0;0;0;0;0;0;0;1;0;0;0;0;0;19.8;0;0;0;0;0;0;0;4.8;0;0;0;0;0;0;0;0;0;0;0;0;0;0;0;0;0;0;0;0;0;0;0;0;0;0;0;0
T1_2700R15;champa;plana;plana;granito;N;160;5.98;10;2700;-0.6428;0.6428;20;55;0;2;2;10;10;2755;91;0;9;0;0;0;0;16.2;0;0;0;0;2.4;0;9.8;0;0;1.8;0;0;2.2;0;0;0;0;0;0;0;0;0;0;0;0;0;0;0;0;0;0;0;0;0;0;0;0;0;0;0;0;0;0;0;0;0;4;0.4;0;0;0;0;0;0;0;0;0;0;0;0;0;0;0;0;0;0;0;0;0;0;0;0;0;0;0;0;0.2;0;1;0;0;0;0;0;0;0;8;0;1.4;0;0;0;0;3.2;0;0;0;0.6;0;1.4;0.4;0;1.6;0;0;0;0;0;0;0;1.4;0;0;0;0;0;0;0;0;0;0;0;0;0;0;0;0;0;0;0;0
T2_900R10;gigantes;S;vertical;granito;N;127;9.165;80;900;-1;-0.9397;15;70;10;10;10;5;0;916;86;8;6;0;0;0;0;1.8;0;0;0;0;0;0;0;0;0;0;0;0;2.2;0;0;0;0;0;0;0;0;0;0;0.4;0;0;0;0;3.2;0;0;0;0;0;0;0;0;0;7.4;0;0;0;0;0;3.4;0;0;8.8;0;0;0;0;0;0;0.8;0;0;0;0;0;0;0;2.8;0;0;4;0;0;0;0;0;0;0;0;0;0;0;1.4;0;0;0;0;0;0;4.2;0;0;0;0;0;0;0;0;0;0;0;0;0;0;0;0;0;0;0;3.4;0;0;0;0;0;0;0;0;0;0;0;0;0;0;0;0;0;0;0;0;0;0;0.6;0;0;0
T2_2100R15;gigantes;N;media;granito;S;135;9.2;45;2100;0.342;0.5;10;60;0;20;10;10;0;2280;86;0;14;0;0;0;0;2.8;0;0;0;0;0;0;0;0;0;9.4;0;0;0;0;0;0;0;0;0;0;0;0;0;0;0;0;0;0;0;0.8;0;0;0;0;6;0;0;0;0;0;0;0;0;0;0;0;0;0.4;0;0;0;0;0;0;0;0;0;0;0;0;0;0;0;0.4;0;0;0;0;0;0;8.2;0;0;0;0;0;0;0;12.4;0;0;0;0;0;0;0;0;0;5.6;0;0;0;0;0;0;0;0;0;0;0;0;0;21.2;0;21.6;0;0;0;0;0;0;0;0;0;0;0;0;0;0;0;0;0;0;0;0;0;0;0;0;0;0
T3_1200R19;condorito;plana;media;granito;N;170;9;35;1200;-0.866;-1;30;30;20;10;5;20;0;900;36;42;22;0;0;0;0;2.4;0;0;0;0;0;0;0;0;0;0;0;0;1.4;0;0;0;0;0;0;0;0;0;0;1.4;0;0;0;0;0;0;0;0;0;0;0;0;0;0;0;0;0;0;0;0;0;0;0;4.4;0;0;0;0;0;0;0;0;0;0;0.8;0;0;0;0;0;0;0;0;0;0;0;0;0;0;0;0;0;0;0;0;0;0;0;0;0;0;0;0;0;0;0;0;0;0;0;0;0;0;0;0;0;0;0;0;0;1.4;0;0;0;0;0;0;0;0;2.6;0;0;0;0;0;0;0;0;0;0;0;0;0;3.6;0;0;0
T3_1200R10;condorito;N;media;granito;N;157;15.04;40;1200;-0.5;-0.1736;20;30;20;10;5;30;0;1208;64;16;18;0;0;0;0;0.8;0;0;0;0;0;0;9.4;0;0;4.4;0;0;0;0;0;0;0;0;0;0;0;0;0;0;0;0;0;0;0;0;0;0;0;0;0;0;0;0;0;0;0;0;0;0;0;0;0;0;0;0;0;3;0;0;0;0;0;0;0;0;0;0;5;0;0;0;0;0;0;0;0;0;0;0;0;0;0;0;0;0;0;0;0;0;0.8;0;0;0;0;0;0;0;0;0;0;0;4;0;0;0;0;0;0.4;0;5.6;0;0;0;0;0;0;0;0;5.4;0;0;0;0;0;0;0;0;0;0;0;0;0;9.2;0;0;0
T3_1200R6;condorito;plana;vertical;granito;S;147;14.2416;70;1200;0.5;-0.5;40;30;20;20;10;5;0;1183;72;19;16;0;0;0;0;1.8;0;0;0;0;0;0;3.4;0;0;2.6;0;3.2;1.6;0;0;0;0;0;0;0;0;0;0;0;0;0;0;0;0;0;0;0;0;0;0;0;0;0;0;0;0;0;0;4.2;0;0;0;3;0;0;0;0;0;0;1.2;0;0;0;0;0;0;4.2;7.4;0;2.2;1.2;0;0;0;0;0.8;0;0;0;4.4;0;0;0;0;0;0;0;0;0;2.8;0;0;0;0;0;0;0;0;0;0;0;0;0;0;0;1.4;0;0.4;0;14.4;0;0;0;0;0;0;0;0;2.6;0;0;0;0;0;0;0;0;0;0;0;0;0;5.6;0;0;0
T3_1800R17;condorito;N;media;granito;N;150;9;35;1800;-0.6561;-0.7547;3;80;5;30;10;3;0;1838;76;1;23;0;0;0;0;4.6;0;0;0;0;3.8;0;0;0;0;2.4;0;0;13;0;0;0;0;0;0;0;0;0;0;0;0;0;0;0;0;0;0;0;0;0;0;0;0;0;0;0;0;0;0;0;0;0;0;1.8;0;0;0;0;0;0;0;0;0;2.4;2;2.4;0;0;0;0;0;0;0;0;0;0;2.6;0;0;0;0;0;0;0;0;0;0;0;0;0;0;0;0;0;0.6;0;0;0;0;0;0;0;2.2;0;0;0;1.4;0;13.2;0;13.2;0;0;0;0;0;0;0;0;0;0;0;0;3.8;0;0;0;0;0;0;0;0;0;0;0;0;0
T3_1500R18;condorito;plana;plana;granito;N;105;9;3;1500;-0.5;-0.342;15;40;15;20;20;15;0;1538;50;7;41;0;0;0;0;5.8;0;0;0;0;0;0;4.4;0;0;4.6;0;0;5.6;0;0;0;0;0;0;0;0;0;0;0;0;0;0;0;0;0;0;0;0;0;0;0;0;0;0;0;0;0;0;0;0;0;0;3.4;0;0;0;0;0;0;0;0;0;0;0;0;0;0;0;0;0;0.8;0;0;0;0;0;0;0;0;0;0;0;0;0;0;0;0;0;0;3.6;0;0;0;0;0;0;0;0;0;0;0;0;0;0;0;0;0;3.6;0;7.4;0;0;0;0;0;0;0;0;0;0;0;0;5.8;0;0;0;0;0;0;0;0;0;0;0;0;0
T3_1800R6;condorito;plana;plana;granito;N;170;21.804;3;1800;-0.6428;-0.866;10;40;10;30;15;10;0;1840;83;1;16;0;0;0;0;1.4;0;0;0;0;0;0;0;0;0;0.4;2.2;0;8.2;0;0;0;0;0;0;0;0;0;0;0;0;0;0;0;0;0;0;0;0;0;0;0;0;0;0;0;0;0;0;0;0;0;0;3.2;0;2.2;0;0;0;0;0;0;0;0;0;0;0;0;0;0;0;0;0;0;0;0;4.4;0;0;0;0;0;0;0;0;0;0;0;0;0;1.6;0;0;0;2.4;0;0;0;0;0;0;0;0;0;0;1.4;0;0;1;0;17.2;0;0;0;0;0;0;0;0;0;0;0;0;0;0;0;0;0;0;14;0;0;2.2;0.6;0;0;0
T3_1800R9;condorito;plana;plana;granito;N;160;16;0;1800;-0.766;0.9848;10;60;5;20;20;10;0;1833;91.6;0;8.4;0;0;0;0;0.6;0;0;0;0;0;0;0;0;0;0;0.6;0;6.6;0;0;0;0;0;0;0;0;0;0;0;0;0.4;0;0;0;0;0;0;0;0;0;0;0;0;0;0;0;0;0;0;0;0;0;2.8;0;0;0;0;0;0;0;0;0;0;1.2;0;0;0;0;0;0.4;0;0;0;0;0;3;0;0;0;0;0;0;0;0;0;0;0;0;0;0.4;0;0;0;1.6;0;0;0;0;0;0;0;0;0;0;3.4;0;0;4.2;0;8.2;0;0;0;0;0;0;0;0;0;0;0;0;0;0;0;0;0;0;0;0;0;0;9;0;0;14.4
T3_1800R16;condorito;plana;plana;granito;N;169;35;40;1800;-0.342;-0.766;20;70;5;30;20;15;10;1849;70;4;52;0;0;0;0;0.6;0;0;0;0;0;0;0;0;0;0.2;0;0;1;0;0;0;0;0;0;0;0;0;0;0;0;0;0;0;0;0;0;0;0;0;0;0;0;0;0;0;0;0;0;0;1.6;4.6;0.4;3.6;0;0;0;0;0;0;0;0;0;0;2.2;0;0;0;2.8;0;0;3.2;0;0;0;0;4.2;0;0;0;0;0;0;2;0;0;0;0;0.4;0;1.2;0;0;0;2.2;0;0;0;0;0;0;0;0;0;0;0;0;0;3.8;0;8;0;0;0;0;0;2.8;0;0;0;0;0;0;0;0;0;0;0;1.2;0;0;0;0;3;0;0;0
T3_1800R19;condorito;S;vertical;granito;S;135;9;70;1800;0.9848;1;30;60;10;20;5;20;0;1843;83.6;9.6;4.8;0;0;0;0;1.4;0;0;0;0;0;0;0;0;0;2.4;0;0;3.8;0;0;0;0;0;0;0;0;0;0;0;0;0;0;0;0;7.6;0;0;0;0;0;0;0;0;0;0;0;0;0;0;0;0;0;3.8;0;0;0;0;0;0;0;0;0;0.6;0;0;0;0;4.6;0;1;9.8;0;0;0;0;0;0;0;0;0;0;0;3;0;0;0;0;0;0;5.8;0;0;0;5.4;0;0;0;0;0;0;0;0;0;0;0;0;0;4;0;16.8;0;0;0;0;0;0;0;0;0;0;0;0;0;0;0;0;0;0;4.8;0;0;0;0;0;0;0
T3_1500R2;condorito;plana;plana;granito;S;156;8.4534;10;1500;0.9848;0.7071;40;30;10;5;3;20;0;1543;72;2;26;0;0;0;0;6.2;0;0;0;0;1.4;0;0.6;0;0;1.8;0;0;8.8;0;0;0;0;0;0;0;0;0;0;0;4.8;0;0;0;0;0;0;0;0;0;0;0;0;0;0;0;0;0;0;0;0;0;0;4;0;0;0;0;0;0;0;0;0;0;1.6;0;0;0;0;0;0;0.6;0;0;0;0;0;0;0;0;0;0;0;0.6;0;0;0;0;0;0;3.6;0;0;0;0;0;0;0;0;0;0;0;0;0;0;0;0.4;0;0.8;0;9.8;0;0;0;0;0;0;0;0;0;0;0;1;0;4.2;0;0;0;0;0;0;0;0;4.8;0;0;3.6
T3_1500R12;condorito;plana;plana;granito;N;173;10.5;15;1500;-0.7071;-0.9063;40;20;30;10;10;30;0;1521;50;0;50;0;0;0;0;0.4;0;0;0;0;0.2;0;0.8;0;0;6.8;0;0;1.2;0;0;0;0;0;0;0;0;0;0;0;0;0;0;0;0;0;0;0;0;0;0;0;0;0;0;0;0;0;0;0;0;0;0;6.4;0;0;0;0;0;0;4;0;0;0;0;0;0;0;0;0;0;2;0;0;0;0;0;0;0;0;0;0;0;0;0;0;0;0;0;0;2.8;0;0;0;0;0;0;0;0;0;0;0;0;0;0;0;0;0;0;0;2.6;0;0;0;0;0;0;0;0;0;0;0;0;0;0;0;0;0;0;0;0;0;0;3.8;0;0;1.2
T3_1500R13;condorito;N;media;granito;N;120;7.5;35;1500;-0.342;-0.766;15;30;40;5;10;20;0;1524;79.4;0;20.6;0;0;0;0;3.2;0;0;0;0;0.2;0;1.4;0;0;4;0;0;0;0;0;0;0;0;0;0;0;0;0;0;0;0;0;0;0;0;0;0;0;0;0.6;0;0;0;0;0;0;0;0;0;0;0;0;1;0;0;0;0;0;0;0;0;0;0;0;0;0;0;12.4;0;0;0;0;0;0;0;1.2;0;0;0;0;0;0;0;0;0;0;0;0;0;5.4;0;0;0;0;0;0;0;0;0;0;0;0;0;0;0;0;0;1;0;6.2;0;0;0;0;0;0;0;0;0;0;0;0;0;1.4;0;0;0;0;0;0;0;0;0;0;0;0
T3_1500R15;condorito;S;media;granito;S;165;2.1;40;1500;0.5;0.7071;60;20;30;3;1;15;0;1528;84;0;18;0;0;0;0;2;0;0;0;0;0;0;2.2;0;0;0.6;0;0;9.8;0;0;0;0;0;0;0;0;0;0;0;0;0;0;0;0;0;0;0;0;0;0;0;0;0;0;0;0;0;0;0;0;0;0;4.2;0;0;0;0;0;0;0;0;0;0;0;0;0;0;0;0;1;1.2;0;0;0;0;0;0;0;0;0;0;0;0;0;0;0;0;0;0;7.6;0;0;0;6.8;0;0;0;0;0;0;0;0;0;0;0;0;0;11;0;9.4;0;0;0;0;0;0;0;0;0;0;0;0;3;0;0;0;0;0;0;0;0;0;9.8;0;0;0
T3_900R15;condorito;N;media;granito;S;167;3;40;900;0.9063;-0.9397;10;40;20;30;0;10;0;1009;75;17.6;7.4;0;0;0;0;1.4;0;0;0;0;0;0;0;0;0;0;0;0;5.2;0;0;0;0;0;0;0;0;0;0;0;0;0;0;0;0;0;0;0;0;0;0;0;0;0;0;0;0;0;0;0;0;0;0;15.2;0;0;0;0;0;0;0;0;0;0;0;0;0;0;9.2;0;0;4;0;0;0;0;1.2;0;0;0;0;0;0;0;0;0;0;0;0;0;0.8;0;0;0;0;0;0;0;0;0;0;0;0;0;0;0;0;0;0;0;13.4;0;0;0;0;0;0;0;0;1.8;0;0;0;0;0;0;0;0;0;0;0;0;0;0.8;0;0;0
T1_1800R16;champa;S;vertical;granito;S;125;32.37;85;1800;0.5;1;2;95;0;2;2;1;0;1820;87.8;6.4;5.8;0;0;0;0;0.6;0.4;0;0;0;0;0;0;0;0;9.6;0;0;0;0;0;0;0;0;0;0;0;0;0;0;0;0;0;0;0;0.6;0;2.8;0;0;0;0;0;0;0;0;0;0;0;0;0;0;4.6;0;0;0;0;0;0;0;0;0;0;0;0;0;0;0;4.6;0;0.8;2;0;0;0;0;3;0;0;0;0;0;0;0;4.8;0;0;6.8;0;0;0;0;0;0;3.6;0;0;0;0;0;0;0;0;0;0;0;0;0;12.6;0;2.4;0;0;0;0;0;0;0;0;0;0;0;0;0;0;0;0;0;0;0;0;0;0;0;0;0;0
T1_1800R17;champa;S;media;granito;N;130;11.52;45;1800;-0.342;0.342;50;40;0;1;0;5;5;1821;92;0;7;0;0;0;0;0.2;3.8;0;0;0;0;0;1.2;0;0;23;0;0;0;0;0;0;0;0;0;0;0;0;0;0;0;0;0;0;0;0;0;0;0;0;0;0;0;0;0;0;0;0;0;0;0;0;0;3.4;0;0;0;0;0;0;0;0;0;0;0;0;0;0;4.8;0;0;0;0;0;0;0;1.8;0;0;0;0;0;0;0;0;0;0;0;0;0;0;0;0;2.6;6;0;0;0;0;0;0;0;0;0;0;0;0;0;5.4;0;6.8;0;0;0;0;0;0;0;0;2.6;0;0;0;0;0;0;0;0;0;0;0;0;0;1.4;0;0;5.6
T1_2400R7;champa;S;vertical;granito;S;160;18.45;80;2400;0.9397;1;5;40;50;5;1;5;10;2434;67;2;29;0;0;0;0;0.6;0;0;0;0;0;0;0;0;0;2.8;0;0;1.4;0;0;0;0;0;0;0;0;0;0;0;0;0;0;0;0;0;0;0;0;0;0;0;0;0;0;0;0;0;0;0;0;0;0;1.2;0;0;0;0;0;0;0;0;0;0;1.2;0;0;0;0;0;0.8;0;0;0;0;0;0;0;0;0;0;0;0;0;9.8;0;0;0;0;0;0;0;0;0;7.2;0;0;0;0;2.8;0;0;0;0;0;0;0;0;1;0;4.4;0;0;0;0;0;2.8;0;0;0;0;0;0;0;0;0;0;0;0;0;0;0;0;0;0;0;0
T1_2400R9;champa;plana;plana;granito;N;160;20.74;10;2400;-0.9848;-0.8192;15;60;25;2;3;5;2;2402;76;0;24;0;0;0;0;2.4;0;0;0;0;0;0;11.4;0;0;1.2;0;0;1.4;0;0;0;0;0;0;0;0;0;0;0;0;0;0;0;0;0;0;0;0;0;0;0;0;0;0;0;0;0;0;0;0;0;0.8;1.2;0;0;0;2;0;0;0;0;0;0;0;0;0;0;0;0;0;0;0;0;0;0;0;0;0;0;0;0;0.2;0;0;0;0;0;0;0;0;0;1.8;0;0;0;0;0;0;0;0;0;0;9;0;0.8;0;0;1.2;0;0;0;0;0;0;0;0.6;0;0;0;0;0;0;0;0;0;0;0;0;0;0;0;0;0;0;0;0
T3_2100R7;condorito;N;vertical;granito;S;161;32.4;80;2100;0.9397;-0.6428;30;20;0;20;20;20;40;2150;82;0;18;0;0;0;0;4.6;0;0;0;0;4;0;0;0;0;0;0;0;7;0;0;0;0;0;0;0;0;0;0;0;0;0;0;0;0;0;0;0;0;0;2.2;0;0;0;0;0;0;0;0;0;1;0;0.8;3.6;0;0;0;0;0;0;0;0;0;0;0;8.6;0;0;0;4.2;0;0;0;0;0;0;9.2;0;0;0;0;0;0;0;0;0;0;0;0;0;0;0;1.6;0;1;0;2.4;0;0;0;0;0;0;0;0;0;0.6;0;4.6;0;6.6;0;0;0;0;3.2;0;0;0;0;0;0;0;0;0;0;0;0;0;0;0;0;0;0;0;0;0
T3_2100R8;condorito;plana;plana;granito;S;148;26.32;3;2100;0.766;-0.9659;20;60;5;15;5;10;20;2151;51;0;49;0;0;0;0;5.8;0;0;0;0;0.4;0;0;0;0;0;5.6;0;1.6;0;0;0;0;0;0;0;0;0;0;0;0;0;0;0;0;0;0;0;0;0;0;0;0;0;0;0;0;0;0;0;0;0;0;1.8;0;0;0;0;0;0;0;0;0;0;0;0;0;0;0;0;0;0;0;0;0;0;1.8;0;0;0;0;0;1;0;2.4;0;0;0;0;0;0;0;0;0;0.6;0;0;0;0;0;0;0;0;0;0;7;0;0;1.6;0;5.6;0;0;0;0;0;0;0;0;0;0;0;0;0;0;0;0;0;0;4.2;0;0;0;0;0;0;0
T3_2100R11;condorito;N;vertical;granito;S;140;42;80;2100;0.9397;-0.9659;60;40;15;1;15;10;15;2152;78.6;0;21.4;0;0;0;0;2.4;0;0;0;0;1.8;0;1.4;0;8.8;0;0;0;1.8;0;0;0;0;0;0;0;0;0;0;0;0;0.4;0;0;0;0;0;0;0;0;0;0;0;0;0;0;0;0;0;0;9.8;0;0;4.4;0;0;0;0;0;0;0;0;0;0;0;0;0;0;0;7;0;0;0;0;0;0;1.2;0;0;0;0;0;0;0;0;0;0;0;0;0;0.8;0;0;0;0.8;0;0.4;0;0;0;0;0;0;0;0;0;0;0;0;0;6.4;0;0;0;0;3;0;0;0;0;0;0;0;0;0;0;0;0;0;0;0;0;0;0;0;0;0
T3_2100R12;condorito;N;media;granito;S;137;240;40;2100;0.9397;-0.766;40;40;15;3;5;10;40;2148;81;0;19;0;0;0;0;1.8;0;0;0;0;2.2;0;0;0;0;0;0;0;3.6;0;0;0;0;0;0;0;0;0;0;0;0;0.8;0;0;0;0.4;0;0;0;0;0;0;0;0;0;0;0;0;0;0;3;0;0;0;0;0;0;0;0;0;0;0;0;0;0;3.8;0;0;0;7;0;0;0;0;0;0;6.6;0;0;0;0;0;0;0;0;0;0;0;0;0;0;0;0.4;0;0;0;2;0;0;0;0;0;0;0;0;0;2.4;0;7.6;0;9.6;0;0;0;0;1.2;0;0;0;0;0;0;0;0;0;0;0;0;0;0;0;0;0;0;0;0;0
T3_2100R13;condorito;plana;plana;granito;S;152;4;8;2100;1;0.6428;3;70;0;10;5;5;40;2150;73;6.6;20.4;0;0;0;0;1;0;0;0;0;0.4;0;0;0;0;0;0.8;0;4.4;0;0;0;0;0;0;0;0;0;0;0;0;0.6;0;0;0;0;0;0;0;0;0;0;0;0;0;0;0;0;0;0;0;0;0;1.6;0;0;0;0;0;0;0;0;0;0;0;0;0;0;0;0.2;0;0;0;0;0;0;2;0;0;0;0;0;0;0;2.2;0;0;0;0;0;0;0;0;0;1.4;0;0;0;0;0;0;0;0;0;0;14;0;0;6.6;0;6.8;0;0;0;0;0;0;9.8;0;0;0;0;0;0;0;0;0;0;0;0;0;0;0;0;0;0;0
T3_2100R15;condorito;plana;plana;granito;S;142;14.112;1;2100;0.9397;0.866;30;70;0;3;10;10;20;2137;83;1;16;0;0;0;0;0.8;0;0;0;0;0;0;1;0;0;0;0;0;8.8;0;0;0;0;0;0;0;0;0;0;0;0;0;0;0;0;0;0;0;0;0;0;0;0;0;0;0;0;0;0;0;0;0;0;3.6;0;0;0;0;0;0;0;0;0;0;3.6;0;0;0;0;0;0;0.8;0;0;0;0;3.8;0;0;0;0;0;0;0;7;0;0;0;0;0;1.6;0;0;0;0.2;0;0;0;0;0;0;0;0;0;0;0.6;0;0;5.2;0;13.2;0;0;0;0;0;0;0;0;0;0;0;0;0;0;0;0;0;0;0;0;0;0;0;0;0;4
T4_900R11;linderos;plana;plana;gneiss;S;165;24.5;8;900;0.5;-1;15;50;10;25;1;10;10;1050;30;4;66;0;0;0;0;6;0;0;0;0;0;0;0;0;0;0;0;0;0;0;0;0;0;0;0;0;0;0;0;0.2;0;0;0;0;0;0;0;0;0;0;0;0;0;0;0;0;0;0;0;0;0;0;0;0;0;0;0;4.2;0;0;0;0;0;0;0;0;0;0;0;0;0;1.4;0;0;0;0;0;0;0;0;0;0.8;0;0;0;0;0;0;0;0;0;0;0;0;0;0;0;0;0;0;0;0;0;0;0;0;0;0;0;0;0;0;0;0;0;0;0;0;1;4.8;0;0;0;0;0;0;0;0;0;0;0;0;0;4.6;0;0;0
T4_900R12;linderos;plana;plana;gneiss;S;162;11.07;10;900;0.5;0.5;10;45;5;35;0;5;10;1053;50;0;50;0;0;0;0;7.6;0;0;0;0;0;0;0;0;0;0;0;0;0;0;0;0;0;0;0;0;0;0;0;0;1.4;0;0;0;0;0;0;0;0;0;0;0;0;0;0;0;0;0;0;0;0;0;0;0;0;0;0;0.4;0;0;0;0;0;0;0;0;0;0;0;0;0;0;0;0;0;0;0;0;0;0;0;0.6;0;0;0;0;0;0;0;0;0;0;0;0;0;0;0;0;0;0;0;0;0;0;0;0;0;0;0;0;0;0;0;0;0;0;0;0;0;7.6;0;0;0;0.4;0;0;0;0;0;0;0;0;0;8;0;0;0
T4_900R8;linderos;S;vertical;gneiss;N;100;8.67;85;900;0;0.6428;25;20;50;10;1;2;0;935;97.8;0.6;1.6;0;0;0;0;3.2;0;0;0;0;0;0;0;0;0;0;0;0;0;0;0;0;0;0;0;0;0;0;0;0;0;0;0;0;0;0;0;0;0;0;0;0;0;0;0;0;0;0;0;0;0;0;0;0;0;0;0;0;0;0;3.2;0;0;0;0;0;0;0;25;0;0;3.4;0;0;0;0;0;0;0;0;0;0;0;0;0;0;0;0;0;0;0;2;0;0;0;0;0;0;0;0;0;0;0;0;0;0;0;0;0;0;5;0;0;0;0;0;0;0;0;0;0;0;0;0;0;0;0;0;0;0;0;0;0;0;0;0;0
T4_900R3;linderos;N;vertical;gneiss;N;155;6.3;75;900;-0.9397;-1;5;20;40;5;0;40;5;959;85;3;12;0;0;0;0;4.8;0;0;0;0;0;0;0;0;0;0;0;0;0;0;0;0;0;0;0;0.8;0;0;0;0.2;0;0;0;0;0;0;0;0;0;0;0;1.6;0;0;0;0;0;0;0;0;0;0;0;0;0;0;0;0.2;0;0;0;0;0;0;0;0;0;0;2.8;0;0;0.6;0;0;0;0;0;0;0;0;0;0;0;0.4;0;0;0;0;0;0;0;0;0;0;0;0.8;0;0;0;0;0;0;0;0;0;0;0;0;0;0;0.4;0;0;0;0;0;0;0;0;0;0;0;0;0;0;0;0;0;0;0;0;0;0;0;0;0;0
T4_900RX;linderos;plana;plana;gneiss;S;168;6.93;10;900;0.342;0.9397;0;30;0;20;1;30;20;973;54;6;40;0;0;0;0;14.8;0;0;0;0;0.8;0;0;0;0;0;0;0;5.6;0;0;0;0;0;0;0;0;0;0;0;0.4;0;0;0;0;0;0;0;0;0;0;0;0;0;0;0;0;0;0;0;0;0;0;0;0;0;0;8;0;0;0;0;0;0;0;0;0;0;0;0;0;2;0;0;0;0;0;0;0;0;0;2.2;0;0;0;0;0;0;0;0;1.6;0;0;1;0;0;0;0;0;0;0;0;0;0;0;0;0;0;0;0;0.2;0;0;0;0;0;0;0;0;8;0;0;0;0;0;0;0;0;0;0;0;0;0;1.8;0;0;0
T4_2400R9;linderos;plana;plana;gneiss;S;155;11.52;5;2400;0.766;0.5;10;70;0;5;8;10;5;2431;76;5;19;0;0;0;0;1.8;0;0;0;0;0;0;0;0;0;2.8;0;0;8;0;0;0;0;0;0;0;0;0;0;0;0;0;0;0;0;0;0;0;0;0;0;0;0;0;0;0;0;0;0;0;0;0;0;5.4;0;0;0;1.6;0;0;0;0;0;0;0;0;0;0;0;0;0;0;0;0;0;0;0.8;0;0;0;0;0;4.6;0;0;0;0;0;0;0;0;0;0;0;0.4;0;0;0;1.2;0;13;0;0;0;0;9.8;1;0;7.4;0;2.2;0;0;0;0;0;0.8;0;0;0;0;0;0;0;0;0;0;1.6;0;0;0;0;0;0;0;0;0
T4_2700R8;linderos;N;vertical;gneiss;N;105;10.29;80;2700;-0.766;-0.766;15;60;0;15;0;15;5;2673;95.6;0;4.4;0;0;0;0;11;6.2;0;0;0;0;0;0;0;0;0;0;0;3.4;0;0;0;0;0;0;0;0;0;0;0;0;3.2;0;0;0;0;0;0;0;0;0;0;0;0;0;0;0;0;0;0;0;0;4;1.8;0;0;0;1;0;0;0;0;0;0;0;4.4;0;0;0;1;0;0;0;0;0;0;0.6;0;0;0;0;0;0;0.8;2;0;0;0;0;0;0;0;5.8;0;1.4;0;1.6;0;1;0;0;0;0;0;0;0;2.8;0;8.6;0;0;0;0.6;0;0;0;2.6;0;0;0;0;0;0;0;0;0;0;0;0;0;0;0;0;0;0;0;0
T4_900R14;linderos;N;vertical;gneiss;N;120;41;80;900;-0.766;-0.6428;0;30;60;15;1;2;0;938;72;7;21;0;0;0;0;1.6;0;0;0;0;0;0;0;0;0;0;0;0;0;0;0;0;0;0;0;1.2;0;0;0;0;0;0.4;0;0;0;0;0;0;0;0;4.4;0;0;0;0;0;0;0;0;0;0;0;0;0;0;0;2.6;5.6;0;0.4;1.2;0;0;0;0;0;0;0;11.2;0;0;0;0;0;0;0;0;0;0;2;0;0;0;0;0;0;0;0;0;0;0;1.8;0;0;0;0;0;0;0;0;0;0;0;0;0;0;0;0;0;0;4;0;0;0;0;0;0;0;0;0;0;0;0;0;0;0;0;2.6;0;0;0;0;0;0;0;1;0
T4_900R15;linderos;plana;plana;gneiss;S;172;38.71;10;900;0.5;-0.866;2;50;2;5;0;25;90;1045;68;7;25;0;0;0;0;8.6;0;0;0;0;0;0;0;0;0;0;0;0;0.6;0;0;0;0;0;0;0.6;0;0;0;0.4;0;0;0;0;0;0;0;0;0;0;0;0;0;0;0;0;0;0;0;0;0;0;0;0.8;0;0;0;3.2;0;0;0;0;0;0;0;0;0;0;0;0;0;2.4;0;0;0;0;0;0;0;0;0;0;0;0;0;0;0;0;0;0;0;0.8;0;0;0;0;0;0;0;11.2;0;0;0;0;0;0;0;0;0;0;0.4;0;0;0;0;0;0;0;0;4;0;0;0;0;0;0;0;0;0;0;0;0;0;0.4;0;0;0
T4_900R16;linderos;N;media;gneiss;N;165;21.12;40;900;-0.5;-0.5;10;15;5;10;1;40;20;1036;52;10;38;0;0;0;0;4.6;0;0;0;0;0;0;0;0;0;0.6;0;0;0;0;0;0;0;0;0;1.6;0;0;0;0;0;4.8;0;0;0;0;0;0;4.4;0;0;0;0;0;0;0;0;0;0;0;0;0;0;4.4;0;0;0;2.6;0;0;0;0;0;0;0;0;0;0;0.4;0;0;2.6;0;0;0;0;0;0;0;0;0;0;0;0;0;0;0;0;0;0;0;0;0;0;0;0;0;0;0;7.2;0;0;0;0;0;0;0;0;0;0;0;0;0;0;0;0;0;0;0;0.4;0;0;0;0;0;0;0;0;0;0;0;0;0;0;0;0;0
T4_900R19;linderos;N;vertical;gneiss;N;138;28.05;50;900;-0.5;-0.766;10;50;20;10;1;10;0;912;64;9;64;0;0;0;0;9.2;0;0;0;0;0;0;0;0;0;0.6;0;7;0;0;0;0;0;0;0;0;0;0;0;0;0;0.8;0;0;0;0;0;0;0;0;0;0;0;1.2;0;0;0;0;0;0;0;0;0;0;0;0;0;2.4;0;0.4;2.4;0;0;0;0;0;0;0;0.8;0;0;0;0;0;0;0;0;0;0;0;0;0;0;0;0;0;0;0;0;0;0;4.2;0;0;0;0;0;0;0;0;0;0;0;0;0;0;0;0;0;0;0;0;0;0;0;0;0;0;0;6.4;0;0;0;0;0;0;0;0;0;0;0;0;0;0;0;0;0
T1_900R3;champa;N;vertical;granito;S;157;14.1;80;900;0.6428;-0.9848;10;10;5;5;5;10;70;945;76;3;21;0;0;0;0;5.8;0;0;0;0;0;0;3.6;0;4.4;0;0;0;1.6;0;0;0;0;0;0;0.4;0;0;0;0;0;0;0;0;0;0;0;3.2;0;0;0;0;0;0;0;0;0;0;0;0;0;0;0;0;0;0;0;0;0;0;2.2;0;0;0;0;0;0;0;1.4;0;0;0;0;0;0;0;0;0;0;0;0;0;0;0;0;0;0;0;0;0;8.4;0;0;0;0;0;0;0;0;0;0;0;0;0;0;0;0;0;0;0;16.8;0;0;0;0;0;0;0;0;0;0;0;0;0;0;0;0;0;0;0;0;0;0;0;0;0;4.2
T1_900R6;champa;S;vertical;granito;S;150;23.92;80;900;0.6428;0.866;5;15;10;5;5;10;40;934;84;1.6;2.8;0;0;0;0;3.8;0;0;0;0;0;0;0;0;1.6;0;0;0;2.8;0;0;0;0;0;0;0;0;0;0;0;0;0;0;0;0;0;0;1.6;0;0;0;0;0;0;0;0;0;0;0;0;0;0;0;0;0;0;0;0;0;0;6.6;0;0;0;0;0;0;0;1.6;0;0;0.8;0;0;0;0;0;0;0;0;0;0;0;0;0;0;0;0;0;0;9;0;0;0;0;0;0;0;0;0;0;0;0;0;0;0;0;0;0;0;9.6;0;0;0;0;0;0;0;0;6.4;0;0;0;0;0;0;0;0;0;0;0;0;0;0;0;0;0
T1_1500R1;champa;plana;plana;granito;N;110;10;20;1500;-0.766;-0.9397;0;50;30;5;10;10;0;1446;68;22;10;0;0;0;0;3.2;5;1.2;0;0;0;0;0;0;0;1.6;0;0;0.4;0;0;0;1;0;0;0;0;0;0;0;0;0;0;0;0;0;0;0;0;0;1.2;0;0;0;0;0;0;0;0;0;7.6;0;0;4.8;0;0;0;0;0;0;0;0;0;0;0;0;0;0;1;0;0;1;0;0;0;0;0.2;0;0;0;0;0;0;0;0;0;0;0;0;0;0.2;0;0;0;0.4;0;0;0;0;0;0;0;0;0;0;0;0;0;0;0;8.4;0;0;0;0;0;0;0;0;0;0;0;0;0;0;0;0;0;0;0;0;0;0;1.8;0;0;0
T1_1500R5;champa;S;vertical;granito;S;100;5.7;70;1500;0.9816;1;0;50;20;10;5;10;0;1452;82.4;0;17.6;0;0;0;0;4.2;2.8;0;0;0;0;0;0.6;0;0;5;0;0;8;0;0;0;0;0;0;0;0;0;0;0.4;0;0.8;0;0;0;0;0;3.8;0;0;0;0;0;0;0;0;0;0;0;0;1.4;0;0;4.2;0;0;0;0;0;0;0.6;0;0;0;0;0;0;0;6;0;3;0.8;0;0;0;0;0;0;0;0;1.8;0;0;0;0;0;0;0;0;1.8;2.8;0;0;0;0.8;0;0;0;0;0;0;0;0;0;0;0;0;0;9.4;0;8.8;0;0;0;0;0;0;1.4;0;0;0;0;0;0;0;0;0;0;0;0;0;0;0;0;0;0;0
T1_1200R2;champa;S;vertical;granito;N;140;9;80;1200;-0.9848;0.5;0;70;0;15;10;5;0;1301;58;22;20;0;0;0;0;3.2;0;0;0;0;0;0;0;0;0;0.4;0;0;0;0;0;0;0;0;0;0;0;0;0;4.8;0;0;0;0;0;2.6;0;1;0;0;0;0;0;0;0;0;0;0;0;0;0;0;0;1.8;0;0;0;0;0;0;13.2;0;0;0;0;0;0;0;5.4;0;0;0;0;0;0;0;0;0;0;0;0;0;0;3.4;0;0;0;0;0;2;0;0;0;0;3;0;0;0;0;0;0;0;0;0;0;0;0.4;0;1.4;0;4;0;0;0;0;0;0;0;0;0;0;0;0;0;0;0;0;1.8;0;0;0;0;0;0;0;0;0
T1_1200R3;champa;plana;plana;granito;S;135;5.25;5;1200;0.342;0.8192;0;60;5;10;10;5;20;1301;37;39;20;0;0;0;0;3.8;0;0;0;0;1.8;0;0;0;0;0;0;0;0;0;0;0;0;0;0;0;0;0;0;0.4;0;0.4;0;0;0;0;0;0;0;0;0;0;0;0;0;0;0;0;0;0;0;0;0;0;0;0.2;0;0;0;0;0;0;0;0;0.2;0;0;0;0.4;0;0;2;0;0;0;0;0;0;0;0;0;0;0;0.4;0;0;0;0;0;0;0;0;0;0;0;0;0;0;0;0;0;0;0;0;0;0;0;0;0;0;1.2;0;0;0;0;0;0;0;0;4.4;0;0;0;0;0;0;0;0;0;0;0;5;0;5;0;0;0
T1_1200R7;champa;N;media;granito;S;150;1.6;40;1200;0.6428;-0.866;0;50;5;15;10;5;20;1290;70;14;16;0;0;0;0;4.4;0;0;0;0;0;0;0;0;0;2.2;0;0;2.2;0;0;2.2;0;0;0;0;0;0;0;0;0;0.6;0;0;0;0;0;0;0;0;0;0;0;0;0;0;0;0;0;0;0;4.2;0;6;0;0;0;2;0;0;0;0;0;0;0;0;0;0;13.4;0;0;0.6;0;0;0;0;3;0;0;0;0;0;0;0;0;0;0;0;0;0;2.2;0;0;0;0;0;0;0;0;0;0;0;0;0;0.6;0;0;0;0;0;11.2;0;0;0;0;0;0;0;0;0;0;0;0;0;0;0;0;0;0;0;0;0;0;0;0;0;0
T1_1200R8;champa;S;media;granito;S;160;8;40;1200;0.342;0.866;0;70;10;5;10;10;10;1290;42;36;22;0;0;0;0;2.4;1.8;0;0;0;1.2;0;0;0;0;4;0;0;0;0;0;0;0;0;0;0;0;0;0;0;0;0;0;0;0;0;0;0;0;0;0;0;0;0;0;0;0;0;0;0;0;0;0;2.2;0;0;0;0;0;0;0;0;0;0;0;0;0;0;7.6;0;0;1.2;0;0;0;0;0;0;0;0;0;0;0;0.8;0;0;0;0;0;0.8;1.8;0;0;0;0.4;0;0;0;0;0;0;0;0;0;1.2;0;0;0;1;0;6;0;0;0;0;0;0;0;0;0;0;0;0;0;0;0;0;0;0;0;0;2.4;0;6.6;0;0;0
T1_1200R9;champa;plana;plana;granito;N;165;8;10;1200;-0.9848;-0.9659;0;70;1;10;5;5;0;1295;56;27;17;0;0;0;0;2;0;0;0;0;0;0;0;0;0;1.6;0;0;0;0;0;0.4;0;0;0;0;0;0;0;1.8;0;0;0;0;0;0;0;0;0;0;0.8;0;0;0;0;0;0;0;0;0;2.4;2.2;0;1;0;0;0;0;0;0;0;0;0;0;2.4;0;0;0;1.4;0;0;4;0;0;0;0;0;0;0;0;0;0;0;0;0;0;0;0;0;0;1.2;0;0;0;3.2;0;0;0;0;0;0;0;0;0;0;0;0;0;0;0;4.2;0;0;0;0;0;0;0;0;0;0;0;0;0;0;0;0;0;0;0;0;3.6;0;0.6;0;0;3.6
T1_1200R12;champa;N;vertical;granito;N;160;13.68;80;1200;-0.3584;-1;0;40;10;20;15;10;5;1301;64;23;13;0;0;0;0;2;0.6;0;0;0;0;0;0;0;0;5.4;0;0;2.6;0;0;0;0;0;0;0.8;0;0;0;0;0;0;0;0;0;0;0;0;0;0;2.4;0;0;0;0;0;0;0;0;0;8.6;1;0;0;0;0;0;0;0;0;1.8;0;0;0;0;0;0;0;1.2;0;0;0.8;0;0;0;0;0.8;0;0;2;0;0;0;0;0;0;0;0;0;0;1.8;0;0;0;0.8;0;0;0;0;0;0;0;0;0;0;0;0;0;0;0;12.4;0;0;0;0;0;0;0;0;0;0;0;0;0;0;0;0;1.6;0;0;0;0;0;0;0;0;0
T1_1200R14;champa;N;vertical;granito;N;140;4.97;70;1200;-0.3584;-1;0;20;20;10;10;10;20;1301;74;0;26;0;0;0;0;1.8;0;0;0;0;0;0;0;0;0;3.4;0;0;0.4;0;0;0;0.4;0;0;0;0;0;0;0;0;0;0;0;0;0;0;0;2.4;0;0;0;0;0;0;0;0;0;0;0;2.6;7.4;0;0;0;0;0;0;0;0;1.6;0;0;0;0;0;0;0;16.6;0;0;2;0;0;0;0;0;0;0;3.8;0;0;0;0;0;0;0;0;0;0;0.4;0;0;0;0.6;0;0;0;0;0;0;0;0;0;0;0;0;0;0;0;8.2;0;0;0;0;0;0;0;0;0;0;0;0;0;0;0;0;0;0;0;0;0;0;0;0;0;0
T1_1200R15;champa;N;media;granito;S;145;3;40;1200;0.1736;-0.9397;0;40;5;10;15;10;10;1301;74;9;17;0;0;0;0;3;7;0;0;0;0.4;0;0;0;0;1.4;0.8;0;1.4;0;0;0;1.2;0;0;0;0;0;0;0;0;0;0;0;0;0;0;0;0;0;1.2;0;0;0;0;0;0;0;0;0;4;1.4;0;1.8;0;0;0;3.8;0;0;0;0;0;0;0;0;0;0;13.8;0;0;1.6;0;0;0;0;0.8;0;0;0;0;0;0;0;0;0;0;0;0;2;1.2;0;0;0;0;0;0;0;0;0;0;0;0;0;0;0;0;0;0;0;9;0;0;0;0;0;0;0;0;0;0;0;0;1;0;0;0;0;0;0;0;0;0;0;0;0;0
T1_2100R11;champa;N;media;granito;N;165;14.7;40;2100;-0.9397;-0.9848;15;45;25;10;2;10;5;2075;87;4;9;0;0;0;0;4.8;0;0;3.8;0;0;0;0;0;0;4.8;1;0;4.6;0;0;0;0;0;0;0;0;0;0;0;0;0;0;0;0;0;0;0;0;0;0;0;0;0;0;0;0;0;0;0;0;0;0;6.6;0;0;0;6.2;0;0;0;0;0;0;0;0.8;0;0;0;0;0.4;0;0;0;0;0;6;0;0;0;0;0;0;1.6;1.8;0;0;0;0;0;0;0;1.2;0;3.2;0;4;0;0;0;0;0;0;0;0;0;0;0;8.8;0;2.8;0;2;0;0;0;1.2;0;0;0;0;0;0;0;1.4;0;0;0;0;0;0;0;0;0;0;0;0
T1_1500R12;champa;plana;plana;granito;N;155;13.5;0;1500;-0.35836795;0.342020143;0;80;5;10;1;5;0;1489;66;6;28;0;0;0;0;1.4;0;0;0;0;0;0;0;0;0;0;0;0;6.8;0;0;0;0;0;0;0.6;0;0;0;0;0;0;0;0;0;0.4;0;0;0;0;0;0;0;0;0;0;0;0;0;0;0;0;0;8;0;0;0;0;0;0;0.6;0;0;0;0;0;0;0;0;0;0;5.2;0;0;0;0;4.8;0;0;0;0;0;0;0;0;0;0;0;0;0;0;0;0;0;0;0;0;0;0;0;0.2;0;0;0;0;0;0;0;0;0;4;0;0;0;0;0;0;0;0;0;0;0;0;0;0;0;0;0;0;0;0;0;0;0;0;0;0
T1_1500R13;champa;plana;plana;granito;N;169;10.5;5;1500;-0.35836795;0.342020143;0;90;5;15;5;5;0;1489;74;6.4;19.6;0;0;0;0;2.8;0;0;0;0;0;0;0;0;0;0;0;0;7;0;0.8;0;1;0;0;0;0;0;0;0;0;0;0;0;0;0;0;0;0;0;0;0;0;0;0;0;0;0;0.2;0;0;0;0;6.8;0;0;0;0;0;0;0;0;0;0;1.4;0;0;0;1.2;0;0;3.2;0;0;0;0;2.8;0;0;0;0;0;0;0;0;0;0;0;0;0;0;0;0;0;0;0;0;0;0;0;0;0;0;0;0;0;0;0;0;0;4.6;0;0;0;0;0;0;0;0;2.2;0;0;0;0;0;0;0;0;0;0;0;0;0;0;0;0;0.6
T1_1500R14;champa;plana;plana;granito;N;177;14;10;1500;-0.35836795;0.965925826;0;9;1;10;5;1;0;1491;80;10;10;0;0;0;0;3.4;1.6;0;0;0;0;0;0;0;0;0;0;0;11;0;2.6;0;0;0;0;0;0;0;0;0;0;0.4;0;0;0;0;0;0;0;0;0;0;0;0;0;0;0;0;0;0;0;0;0;8.8;0;0;0;0;0;0;0;0;0;0;0.4;0;0;0;0;0;0;4;0;0;0;0;3.6;0;0;0;0;0;0;0.6;0;0;0;0;0;0.4;0;0;0;0;0.4;0;0;0;0;0;0;0;0;0;0;0;0;0;1;0;7;0;0;0;0;0;0;0;0;2;0;0;0;0;0;0;0;0;0;0;0;0;0;0;0;0;0
T1_1500R15;champa;N;media;granito;N;139;10.5;45;1500;-1;-0.987688341;0;80;20;10;20;5;0;1496;85;6;9.2;0;0;0;0;2.2;0;0;0;0;0;0;0;0;0;0;0;0;0;0;0;0;2.4;0;2;4.4;0;0;0;0.8;0;0;0;0;0;5.2;0;0;0;0;0;0;0;0;0;0;0;0;0;0;8.2;7.2;0;6.2;0;0;0;0;0;0;0;0;0;0;0;0;0;0;2.2;0;0;2.2;0;0;0;0;1.8;0;0;0;0;0;0;0;0;0;0;0;0;5;0;0;0;0;0.4;0;0;0;0;0;0;0;0;0;0;0;0;0;0;0;8;0;0;0;0;0;0;0;0;0;0;0;0;0;0;0;0;0;0;0;0;0;0;0;0;0;0
T1_1500R16;champa;N;media;granito;N;148;29.7;35;1500;-1;-0.866025404;0;80;10;5;5;5;0;1498;87;6.4;22.6;0;0;0;0;2.8;0;0;0;0;0;0;0;0;0;0;0;0;11.2;0;0.4;0;0.6;0;0;0;0;0;0;0;0;0;0;0;0;0.2;0;0;0;0;0;0;0;0;0;0;0;0;0;0;1.6;8.2;0;5.8;0;0;0;0;0;0;0;0;0;0;0;0;0;0;2.8;0;0;3.2;0;0;0;0;0;0;0;0;0;0;0;0;0;0;0;0;0;0;3.4;0;0.8;0;1.6;0;0;0;0;0;0;0;0;0;0;0;0;0;3.8;0;11.6;0;0;0;0;0;0;0;0;0;0;0;0;0;2.2;0;0;0;0;0;0;0;0;0;0;0;0
T1_1500R18;champa;S;media;granito;S;150;11.25;40;1500;0.342020143;0.984807753;0;80;15;15;5;5;0;1500;90;1;9;0;0;0;0;5.6;4.4;0;0;0;0;0;0;0;0;14.6;0;0;3.2;0;0;0;0;0;0;0;0;0;0;0;0;0;0;0;0;0;0;0;0;0;0;0;0;0;0;0;0;0;0;0;0;0;0;3.2;0;0;0;0;0;0;0;0;0;0;0;0;0;0;0;0;0;1.2;0;0;0;0;0;0;0;0;0;0;0;2.8;0;0;0;0;0;0;1.6;0;0;0;0;0;0;0;0;0;0;0;0;0;0.8;0;0;0;8;0;5.8;0;0;0;0;0;0;0;0;4;0;0;0;1.8;0;0;0;0;0;0;0;0;0;5.6;0;0;0
T1_1500R19;champa;S;media;granito;S;148;24;40;1500;0.5;0.766044443;0;80;15;10;5;1;0;1499;82;7;13;0;0;0;0;2.2;0;0;0;0;0;0;0;0;0;11.6;0;0;2.2;0;0;0;0;0;0;0;0;0;0;0;0;1.4;0;0;0;0;0;0;0;0;0;0;0;0;0;0;0;0;0;0;0;0;0;6.6;0;0;0;0;0;0;0;0;0;0;0.8;0;0;0;0;0;0;0;0;0;0;0;0;0;0;0;0;0;0;0;0;0;0;0;0;1.8;5.8;0;0;0;2;0;0;0;0;0;0;0;0;0;4;0;0;0;5.6;0;5;0;0;0;0;0;0;0;0;0;0;0;0;0;0;0;0;0;0;0;0;0;0;2.2;0;0;0
T2_1800R6;gigantes;N;vertical;granito;S;130;14;79;1800;0.3584;0.9511;10;70;2;5;10;5;0;1756;57;0;43;0;0;0;0;0;1;0;0;0;0;0;0;0;0;0;0;0;0;0;0;0;0;0;0;0;0;0;0;0;0;0;0;0;0;0;0;0;0;0;0;0;0;0;0;0;0;0;0;0;0;0;0;3.6;0;0;0;0;0;0;0;0;0;0;0;0;0;0;0;0;0;1.4;0;0;0;0;1;0;0;0;0;0;0;2.8;9.2;0;0;0;0;0;1.8;0;0;0;3;0;0;0;0;0;0;0;0;0;0;0;0;0;0;0;13.8;0;0;0;0;0;0;0;0;0;0;0;0;0;0;0;0;0;0;0;0;0;0;0;0;0;0
T1_1800R15;champa;plana;plana;granito;N;175;19.08;5;1800;-0.5;0.5;20;50;0;5;2;2;30;1814;48;8;44;0;0;0;0;0;1.4;0;0;0;0;0;0;0;0;21.8;0;0;0;0;0;0;0;0;0;0;0;0;0;0;0;1;0;0;0;0;0;3.2;0;0;0;0;0;0;0;0;0;0;0;0;0;0;0;0.8;0;0;0;0;0;0;0;0;0;0;0;0;0;0;0;0;0;0;0;0;0;0;3.2;0;0;0;0;0;0;0;0;0;0;0.6;0;0;0;0;0;0;1.8;0;0;0;0;0;0;0;0;0;0;0.4;0;0;2.4;0;7.4;0;0;0;0;0;0;0;0;0;0;0;0;0;0;0;0;1.6;0;0;0;0.8;0;0;0;0;0
T2_1500R6;gigantes;S;vertical;granito;S;110;6.18;80;1500;0.0872;-0.5;40;30;10;20;5;10;20;1426;52;4;44;0;0;0;0;2;1.2;0;0;0;0;0;0;0;0;4.6;0;0;1.8;0;0;0;0;0;0;0;0;0;0;0;0;0;0;0;0;0;0;0;0;0;0;0;0;0;0;0;0;0;0;0;0;0;0;1.6;0;0;0;0;0;0;1.4;0;0;0;0;0;0;0;0;0;0;0;0;0;0;0;0;0;0;0;0;0;0;0;0;0;0;0;0;0;0;1.6;0;0;0;0;0;0;0;0;0;0;0;0;0;0;0;0;2;0;0;0;0;0;0;0;0;0;0;0;0;0;0;1.8;0;0;0;0;0;0;0;0;0;0;0;0;0
T1_1800R14;champa;plana;plana;granito;N;155;17.11;1;1800;-0.5;0.5;5;95;0;1;2;2;0;1818;71;9;20;0;0;0;0;0;0;0;0;0;0.4;0;0;0;0;24.4;0;0;0;0;0;0;0;0;0;0;0;0;0;0;0;0;0;0;0;0;0;0;0;0;0;0;0;0;0;0;0;0;0;0;0;0;0;4;0;0;0;0;0;0;0;0;0;0;3;0;0;0;0;0;0;0;0;0;0;0;3.2;0;0;0;0;0;0;0;0;0;0;0;0;0;0;0;0;0;6.4;0;0;0;0;0;2.8;0;0;0;0;1.4;0;0;2;0;17;0;0;0;0;0;0;0;0;0;0;0;0;0;0;0;0;11.8;0;0;0;0;0;0;0;0;0
T3_900R14;condorito;plana;plana;granito;N;150;8.17;3;900;-0.342;-0.342;10;30;20;10;10;20;0;1012;52;36;12;0;0;0;0;0;0;9;0;0;0;0;2.2;0;0;1.2;0;0;0;0;0;0;0;0;0;0;0;0;0;0;0;0;0;0;0;0;0;0;0;0;0;0;0;0;0;0;0;0;0;0;0;0;0;0;0;0;0;0;0;0;0;0;0;0;0;0;0;0;0;0;0;0;0;0;0;0;0;0;0;0;0;0;0;0;0;0;0;0;0;0;0;0;0;0;0;0;0;0;0;0;0;0;0;0;0;0;0;0;0;0;0.8;0;0;0;0;0;0;0;0;11.2;0;0;0;0;0;0;0;0;0;0;0;0;0;7;0;0;0
T3_900R8;condorito;N;media;granito;N;80;8.8;40;900;-0.1736;-0.766;60;20;40;5;1;10;0;1012;79;7;14;0;0;0;0;0;0;2;0;0;0;0;0;0;0;0;0;0;0;0;0;0;0;0;0;0;0;0;0;0;0;0;0;0;0;0;0;0;0;0;0;0;0;0;0;0;0;0;0;0;0;0;0;0;0;0;0;0;0;0;0.2;0;0;0;0;0;0;0;17.4;0;0;0;0;0;0;0;0;0;0;0;0;0;0;0;0;0;0;0;0;0;0.6;0;0;0;0;0;0;0;0;0;0;0;0;0;0;0;0;0;0;0;2.4;0;0;0;0;0;0;0;0;11.8;0;0;0;0;0;0;0;0;0;0;0;0;0;1.6;0;0;0
T3_900R9;condorito;N;media;granito;N;80;8.8;40;900;-0.1736;-0.766;60;20;40;5;1;10;0;1012;77;3;20;0;0;0;0;0;0;1.6;0;0;0;0;1.8;0;0;0;0;0;0;0;0;0;0;0;0;0;0;0;0;0;0;0;0;0;0;0;0;0;0;0;0;0;0;0;0;0;0;0;0;0;0;0;0;0;0;0;0;0;0;0;0;0;0;0;0;0;0;0;0;0;0;0;0;0;0;0;0;0;0;0;0;0;0;0;0;0;0;0;0;0;0;0;0;0;0;0;0;0;0;0;0;0;0;0;0;0;0;0;0;0;0;0;0;0;0;0;0;0;0;17.4;0;0;0;0;1.8;0;0;0;0;0;0;0;0;4;0;0;0
T3_900R10;condorito;S;media;granito;S;155;4.34;40;900;0.2588;0.788;20;20;40;5;5;5;0;1010;58;26;16;0;0;0;0;0;0;0.8;0;0;0;0;0;0;0;0;0;0;1.4;0;0;0;0;0;0;0;0;0;0;0;0;0;0;0;0;0;0;0;0;0;0;0;0;0;0;0;0;0;0;0;0;0;0;0.8;0;0;0;0;0;0;0;0;0;0;0;0;0;0;13.2;0;0;0;0;0;0;0;0;0;0;0;0;0;0;0;0;0;0;0;0;0;9.6;0;0;0;0;0;0;0;0;0;0;0;0;0;0;0;0;0;0;0;4.8;0;0;0;0;0;0;0;0;13.8;0;0;0;0;0;0;0;0;0;0;0;0;0;2.2;0;0;0
T3_900R12;condorito;S;media;granito;S;145;6.3;35;900;0.342;0.6428;20;40;20;10;5;5;0;1015;81;0;19;0;0;0;0;0;0;0.8;0;0;0;0;4;0;0;0;0;0;2.6;0;0;0;0;0;0;0;0;0;0;0;0;0;0;0;0;0;0;0;0;0;0;0;0;0;0;0;0;0;0;0;0;0;0;0;0;0;0;0;0;0;0.6;0;0;0;0;0;0;0;9.6;0;0;0;0;0;0;0;0;0;0;0;0;0;0;0;0;0;0;0;0;0;11.8;0;0;0;0;0;0;0;0;0;0;0;0;0;0;0;0;0;0;0;6.8;0;0;0;0;0;0;0;0;4.6;0;0;0;0;0;0;0;0;0;0;0;0;0;14;0;0;0
T2_2400R4;gigantes;N;vertical;granito;S;170;7.36;75;2400;1;0.4226;60;30;0;1;5;0;0;2303;93.6;93.6;93.6;0;0;0;0;0;0;0;0;0;0;0;0;0;0.4;0;0;0;93.6;0;0;0;0;0;0;0;0;0;0;0;0;0;0;0;0;0;0;0;0;0;0;0;0;0;0;0;0;0;0;0;0;93.6;0;93.6;0;23;0;93.6;0;0;0;0;0;0;0;0;0;0;0;0;0;93.6;0;0;0;0;93.6;0.8;2;0;0;0;1.2;93.6;93.6;0;0;0;0;0;93.6;0;0;93.6;93.6;0;0;0;0;0;0;0;0;0;0;0;0;0;93.6;0;93.6;0;0;0;0;0;0;0;0;0;0;0;0;0;0;0;0;0;0;0;0;0;0;0;0;0;0
T2_2400R3;gigantes;N;vertical;granito;S;100;6.12;85;2400;0.1736;0.9848;30;40;30;20;5;30;0;2300;77;6;15.4;0;0;0;0;0;0;0;0;0;0;0;0;0;1.2;0;0;0;8.2;0;0;0;0;0;0;0;0;0;0;0;0;0;0;0;0;0.4;0;0;0;0;0;0;0;0;0;0;0;0;0;0;0;1.8;0;1.4;0;0;0;0.4;0;0;0;0;0;0;0;0;0;0;0;0;0;0;0;0;0;0;1.6;4.2;0;0;0;0;0.6;7.4;0;0;0;0;0;0;0;0;0;0;0.2;0;0;0;0;0;0;0;0;0;0;0;1.4;0;1.2;0;17.2;0;0;0;0;0;0;0;0;0;0;0;0;0;0;0;0;0;0;0;0;0;0;0;0;0;0
T2_1800R10;gigantes;S;vertical;granito;S;80;10.4;80;1800;0.6428;-0.9397;10;50;1;20;10;10;0;1826;64;0;36;0;0;0;0;0;0;0;0;0;0;0;0;0;1;0;0;0;2;0;0;0;0;0;0;0;0;0;0;0;0;0;0;0;0;0;0;0;0;0;0;0;0;0;0;0;0;0;0;0;0;0;0;1.8;0;0;0;1.6;0;0;0;0;0;0;0;0;0;0;14.6;0;0;2.4;0;0;0;0;2.8;0;0;0;0;0;0;0.4;0;0;0;0;0;0;0.6;0;0;0;0;0;0.2;0;0;0;0;0;0;0;0;0;0;0;2.6;0;14.6;0;0;4;0;0;0;0;0;0;0;0;0;0;0;0;0;0.6;0;0;0;0;0;0;0;0;0
T2_2400R2;gigantes;S;vertical;granito;S;135;19.2;70;2400;0.766;-0.5;10;70;5;10;5;5;0;2309;92.2;0;6.8;0;0;0;0;0;0;0;0;0;0;0;0;0;0.4;0;0;0;0;0;0;0;0;0;0;0;0;0;0;0;0;0;0;0;0;0;0;0;0;0;0;0;0;0;0;0;0;0;0;0;0;0;0;2.4;0;0;0;0;0;0;0;0;0;0;0;0;0;0;0;0;0;5;0;0;0;0;6.8;0;0;0;0;0;0;3.2;0;0;0;0;0;0;0;0;1.6;7.2;0;0;0;0;0;0;0;0;0;0;0;0;1.8;0;2.6;0;0;0;0;0;0;0;6;0;0;0;0;0;0;0;0;0;0;0;0;0;0;0;0;0;0;0;0
T1_1800R13;champa;S;media;granito;N;155;16.96;45;1800;-0.866;0.1736;10;85;0;10;2;5;0;1810;74;6;20;0;0;0;0;0;0;0;0;0;0;0;0;5;0;0;0;0;1.8;0;0;0;0;0;0;0;0;0;0;0;0;0;0;0;0;0;0;0;0;0;0;0;0;0;0;0;0;0;0;0;0;0;0;7.8;0;0;0;0;0;0;0;0;0;0;0;0;0;0;5;0;0;0;0;0;0;0;5.2;0;0;0;0;0;0;0;0;0;0;0;0;0;0;0;0;0;1.6;0;0;0;0;0;0;0;0;0;0;0;0;0;7;0;23.6;0;0;0;0;0;0;0;0;0;0;0;0;0;0;0;0;0;0;0;0;0;0;0;0;0;0
T2_900R1;gigantes;S;vertical;granito;S;40;6;50;900;0.1736;-1;15;30;10;50;5;1;0;881;56;3;41;0;0;0;0;0;0;0;0;0.4;0;0;0;0;0;0;0;0;0;0;0;0;0;0;0;0;0;0;0;0;0;0;0;0;0;0;0;0;0;0;0;3;0.8;0;0;0;1.6;0;0;0;0;0;0;0;0;0;0;0;0;0;2.4;3;1.8;0;0;0;0;0;3.2;0;0;0;0;0;0;0;0;0;0;0;0;0;0;0;0;0;0;0;0;0;7.6;0;0;0;0;0;0;0;0;0;0;0;0;0;0;0;0;0;0;0;0.8;0;0;0;0;0;0;0;0;0;0;0;0;0;0;0;0;0;0;0;0;1;0;0;0;0;0
T3_1200R14;condorito;plana;media;granito;S;130;16.6;40;1200;0;0.5446;20;20;20;10;5;10;0;1199;92;1;7;0;0;0;0;0;0;0;0;0.4;0.8;0;0;0;0;0.4;0;0;0.8;0;0;0;0;0;0;0;0;0;0;0;0;0;0;0;0;0;0;0;0;0;0;0;0;0;0;0;0;0;0;0;0;0;0;0;0;0;0;0;0;0;1;0;0;0;1.8;0;0;0;1.4;0;0;0;0;0;0;0;0;0;0;0;0;0;0;0;0;0;0;0;0;0;1;0;0;0;0;0;0;0;0;0;0;0;0;0;0;0;0;0;0;0;2.6;0;0;0;0;0;0;0;7;1.4;0;0;0;0;0;0;0;0;0;0;0;0;0;15.8;0;0;0
T3_2100R1;condorito;N;media;granito;S;154;15;40;2100;0.766;-0.9397;5;30;0;15;20;1;60;2161;74;5;21;0;0;0;0;0;0;0;0;0;1.4;0;0;0;0;0.4;0;0;1.8;0;0;0;0;0;0;0;0;0;0;0;0;0;0;0;0;0;0;0;0;0;2.2;0;0;0;0;0;0;0;0;0;5.6;0;0;4.8;0;0;0;0;0;0;0;0;0;0;0.8;3;0;0;4.6;0;0;1;0;0;0;0;11;0;0;0;0;0;0;0;0;0;0;0;0;0;2;0;0;0;1;0;0;0;0;0;1.8;0;0;0;0;0;0;0;9.4;0;18.2;0;0;0;0;2.2;0;0;0;0;0;0;0;0;0;0;0;0;0;0;0;0;0;0;0;0;0
T3_2100R6;condorito;N;media;granito;N;159;8.74;40;2100;-0.9397;-1;20;40;70;15;15;10;0;2148;70;0;30;0;0;0;0;0;0;0;0;0;0.4;0;0;0;0;0;0;0;0.8;0;0;0;0;0;0;0;0;0;0;0;0;0.4;0;0;0;0;0;0;0;0;0;0;0;0;0;0;0;0;0;0;3.2;0;0;1.8;0;0;0;0;0;0;0;0;0;0;0;0;0;0;0;14;0;0;0;0;0;0;8.6;0;0;0;0;0;0;0;0;0;0;0;0;0;0;0;0;0;0.6;0;0;0;0;0;0;0;0;0;0;0;2.6;0;0;0;19.6;0;0;0;0;0;0;0;0;0;0;0;0;0;0;0;0;0;0;0;0;0;0;0;0;0;0
T1_2100R1;champa;N;vertical;granito;N;170;35.278;80;2100;-1;-0.9848;5;80;20;1;3;0;0;2069;72;0;27.8;0;0;0;0;0;0;0;0;0;0;0;0;0;0;3.8;0;0;0;0;0;0;0;0;0;0;0;0;0;0;0;0;0;0;0;0;0;0;0;0;0;0;0;0;0;0;0;0;0;0;0;8;0;1.4;0;0;0;0;0;0;0.4;0;0;0;0;0;0;0;0;0;0;3.6;0;0;0;0;1.8;0;0;0;0;0;0;0;0;0;0;0;0;0;0;0;0;0;1.2;0;0;0;0;0;0;1.6;0;0;0;0;0.6;0;1;0;8.6;1.4;0;0;0;1.6;8.2;0;0;0;0;0;0;0;0;0;0;0;0;0;0;0;0;0;0;0;0.4
T2_2400R8;gigantes;plana;plana;granito;N;177;15.9;20;2400;-0.342;-0.9659;20;50;1;30;10;5;20;2305;70;0;30;0;0;0;0;0;0;0;0;0;0;0;0;0;0;9;0;0;2.4;0;0;0;0;0;0;0;0;0;0;0;0;0;0;0;0;0;0;0;0;0;0;0;0;0;0;0;0;0;0;0;0;0;0;1.2;0;0;0;0;0;0;0;0;0;0;0;0;0;0;0;0;0;1;0;0;0;0;0;0;0;0;0;0;0;0;0;0;0;0;0;0;0;0;0.8;0;0;0;0;0;0;0;13;0;0;0;0;0.4;0;0;1.6;0;0;0;0;0;0;2.8;0;0;0;0;0;0;0;0;0;0;0;0;0;0;0;0;0.8;0;0;0;0
T2_1200R9;gigantes;S;vertical;granito;S;165;11.8;90;1200;0.766;-0.6428;40;20;20;10;10;10;0;1200;72;5;23;0;0;0;0;0;0;0;0;0;0;0;0;0;0;0.8;0;0;0.4;0;0;0;0;0;0;0;0;0;0;0;0;0;0;0;0;0;0;0;0;0;0;0;0;0;0;0;0.2;0;0;0;3;0;0;0.8;0;0;0;0;0;0;2.6;0;0;0;0;0;0;0;19;0;0;0;0;0;0;0;2.8;0;0;0;0;0;0;0;0;0;0;0;0;0;0;0;0;0;0;0.4;1.8;0;0;0;0;0;0;0;0;0;0;0;1.2;0;15;0;1.4;0;0;0;0;0;0;0;0;0;0;0;0;0;0;0;0;0;0;0;0;0;0;0;0
T2_900R7;gigantes;plana;plana;granito;N;173;11.2;15;900;-0.866;-0.9397;0;90;10;0;0;0;0;903;54;0;46;0;0;0;0;0;0;0;0;0;0;0;0;0;0;0.6;0;0;4;0;0;0;0;0;0;0;0;0;0;1.2;0;0;0;0;0;0;0;0;0;0;0;0;0;0;0;0;0;0;0;0;0;0;0;0;0;0;0;0;0;0;0;0;0;0;0;0;0;0;0;0;0;0;0;0;0;0;0;0;0;0;0;0;0;0;0;0;5.6;0;0;0;0;0;0;0;0;0;0;0;0;0;0;0;0;0;0;0;0;0;0;0;1.6;0;0;0;0;0;0;0;0;2.2;0;0;0;0;0;0;0;0;0;0;0;0;0;2.2;0;0;0
T2_2100R16;gigantes;N;media;granito;S;100;9.24;40;2100;0.5;0.9063;5;70;0;10;10;10;0;2260;72;0;28;0;0;0;0;0;0;0;0;0;0;0;0;0;0;8.6;0;0;0;0;0;0;0;0;0;0;0;0;0;0;0;0;0;0;0;0;0;0;0;0;2.4;0;0;0;0;0;0;0;0;0;0;0;0.8;0.6;0;0;0;0;0;0;0;0;0;0;1.8;3.8;0;0;0;0;0;0;0;0;0;0;5;0;0;0;0;0;0;0;3.4;0;0;0;0;0;0;0;0;0;3;0;0;0;0;0;0;0;0;0;0;0;0;0;22.4;0;23.6;0;0;0;0;0;0;0;0;0;0;0;0;0;0;0;0;0;0;0;0;0;0;0;0;0;0
T3_1200R15;condorito;plana;media;granito;S;150;18.645;40;1200;0.9848;0.866;20;30;20;10;10;10;10;1188;90.6;3.8;5.6;0;0;0;0;0;0;0;0;0;0;0;0.4;0;0;0.4;0;0;1.8;0;0;0;0;0;0;0;0;0;0;0;0;0;0;0;0;0;0;0;0;0;0;0;0;0;0;0;0;0;0;0;0;0;0;0;0;0;0;0;0;0;0.8;0;0;0;0;0;0;0;7.8;0;4.2;0;0;0;0;0;0;0;0;0;0;0;0;0;0;0;0;0;0;0;7;0;0;0;0;0;0;0;0;0;0;0;0;0;0;0;0;0;0;0;4.4;0;0;0;0;0;0;0;0;5.2;0;0;0;0;0;0;0;0;0;0;0;0;0;17;0;0;0
T3_1500R11;condorito;N;media;granito;N;169;10.5;40;1500;-0.766;-0.6428;40;40;20;10;10;30;0;1522;87;5.4;7.6;0;0;0;0;0;0;0;0;0;0;0;0;0;0;3.8;0;0;7.2;0;0;0;0;0;0.6;0;0;0;0;0;0;0;0;0;0;0;0;0;0;0;0;0;0;0;0;0;0;0;0;0;1.2;0;0;4.2;0;0;0;0;0;0;0;0;0;0;0;0;0;0;14.4;0;0.4;1;0;0;0;0;6.6;0;0;0;0;0;0;0;0;0;0;0;0;0;9.4;0;0;0;1;0;2;0;0;0;0;0;0;0;0;0;0;0;4.4;0;16;0;0;0;0;0;0;0;0;0;0;0;0;0;0;0;0;0;0;0;0;0;0;0;0;0;0
T1_2400R3;champa;S;vertical;granito;S;115;27.28;75;2400;0.5;0.5;5;75;5;2;3;5;0;2400;78;2;20;0;0;0;0;0;0;0;0;0;0;0;0;0;0;5.4;0;0;0.2;0;0;0;0;0;0;0;0;0;0;0;0;0;0;0;0;0;0;0;0;0;0;0;0;0;0;0;0;0;0;0;0;0;1.2;2.4;0;0;0;0;0;0;0;0;0;1.6;2.6;0;0;0;0;1;0;0;0;0;0;0;0.2;0;0;0;0.6;0;0;0;1.4;0;0;0;0;0;0;0;0;0;8.6;0;0;0;0;0.4;0;0;0;0;0;0.6;0;0;8;0;0;0;0;0;0;0;14.8;0;0;0;0;0;0;0;0;0;0;1.8;0;0;0;0;0;0;0;0;0
T1_2400R6;champa;plana;plana;granito;N;150;8.74;15;2400;-0.766;-0.866;10;40;30;5;2;10;15;2433;48;0;52;0;0;0;0;0;0;0;0;0;0;0;1.8;0;0;4.2;0;0;1.6;0;0;0;0;0;0;0;0;0;0;0;0;0;0;0;0;0;0;0;0;0;0;0;0;0;0;0;0;0;0;0;0;0;0;3.4;0;0;0;5.8;0;0;0;0;0;0.6;0;0;0;0;0;0;0;0;0;0;0;0;0;0;0;0;0;0;0;0;0;0;0;0;0;0;0;0;0.8;0;0;0;0;0;0;5.6;0;0;0;0;0;0;0.6;0;2.4;0;0;0;0;0;0;0;0.2;0;0;0;0;0;0;0;0;0;0;0;0;0;0;0;0;0;0;0;0
T1_2400R1;champa;N;vertical;granito;N;130;6.86;80;2400;-0.6428;-0.1736;5;85;5;5;1;5;0;2460;60;0;40;0;0;0;0;0;0;0;0;0;0;0;0;0;0;8;0;0;0.8;0;0;0;0;0;0;0;0;0;0;0;0;0;0;0;0;0;0;0;0;0;0;0;0;0;0;0;0;0;0;0;0;0;0.4;6.8;0;0;0;0;0;0;0;0;0;0;2.4;0;0;0;0;1.2;0.8;0;0;0;0;0;0.8;0;0;0;0;0;0;0;1.2;0;0;0;0;0;0;0;0.8;0;3;0;0;0;0;1.8;0;0;0;0;0;0.4;0.8;0;9.4;0;0;0;0;0;0;0;14.2;0;0;0;0;0;0;0;0;0;0;0;0;0;0;0;0;0;0;0;0
T1_2400R2;champa;N;media;granito;N;155;26.55;40;2400;-0.6428;-0.866;15;25;15;15;13;15;0;2400;26;0;74;0;0;0;0;0;0;0;0;0;0;0;6.8;0;0;0.6;0;0;0;0;0;0;0;0;0;0;0;0;0;0;0;0;0;0;0;0;0;0;0;0;0;0;0;0;0;0;0;0;0;0;0;0;0;0;0;0;0;0;0;0;0;0;0;0;0;0;0;0;0;0;0;0;0;0;0;0;1;0;0;0;0;0;0;0.6;0;0;0;0;0;0;0;0;0;0;0;0;0;0;0;3.2;0;0;0;0;0;0;1.2;0;4.2;0;0;0;0;0;0;0;1.2;0;0;0;0;0;0;0;0;0;0;0;0;0;0;0;0;0;0;0;0
T3_2100R3;condorito;S;vertical;granito;S;150;9.45;70;2100;0.766;0.5736;30;30;0;15;20;1;40;2149;75;0;25;0;0;0;0;0;0;0;0;0;0;0;0;0;0;2.4;0;0;4.8;0;0;0;0;0;0;0;0;0;0;0;0.6;0;0;0;0;5.2;0;0;0;0;1.6;0;0;0;0;0;0;0;0;0;0.8;0;0;0.6;0;0;0;0;0;0;0.6;0;0;0;0.8;0;0;0;0;0;0.6;0;0;0;0;0;4.8;0;0;0;0;0;0;0;8.6;0;0;0;6;0;1.6;0;0;0;6;0;0;0;0;0;0;0;0;0;0;0;0;0;12.8;0;7;0;0;0;0;0;0;0;0;0;0;0;0;0;0;0;0;0;0;0;0;0;0;0;0;0;2
T1_2100R15;champa;plana;plana;granito;S;158;41.65;10;2100;1;0.9397;3;80;5;10;5;3;5;2065;44;0;56;0;0;0;0;0;0;0;0;0;0;0;0;0;0;6.4;0;0;5;0;0;0;0;0;0;0;0;0;0;0;0;0;0;0;0;0;0;0;0;0;0;0;0;0;0;0;0;0;0;0;0;0;0;0;0;0;0;2.6;0;0;0;0;0;0;0.4;0;0;0;0;0;0;0;0;0;0;0;2.8;0;0;0;0;0;0;0;0;0;0;0;0;0;0;0;0;0;0;0;0;0;0;4.8;0;0;0;0;0;0;0;0;6.6;0;0.4;0;0;0;0;0;0;0;0;0;0;0;0;0;0;0;0;0;0;0;0;0;0;4.4;0;0;0
T1_2100R16;champa;plana;plana;granito;S;165;17.25;10;2100;1;-0.9397;20;40;20;10;10;5;10;2065;66;0;34;0;0;0;0;0;0;0;0;0;0;0;2.2;0;0;4;0;0;4.4;0;0;0;0;0;0;0;0;0;0;0;0;0.6;0;0;0;0;0;0;0;0;0;0;0;0;0;0;0;0;0;0;0;0;0;0.8;0;0;0;0.8;0;0;0;0;0;0;0.6;0;0;0;0;0;0;0;0;0;0;0;0;0;0;0;0;0;0;0;4.2;0;0;0;0;0;0;0;0;0;0;0;0;0;0;1.2;0;0;0;0;0;0;0;0;8.2;0;0.2;0;0.6;0;0;0;0;0;0;0;0;0;0;3;3.4;0;0;0;0;0;0;0;0;3.4;0;0;0
T1_1500R10;champa;N;vertical;granito;N;150;18;85;1500;-0.766044443;-0.866025404;20;70;0;10;10;15;0;1487;88;0.4;5;0;0;0;0;0;0;0;0;0;0;0;0;0;0;3.2;0;0;0.8;0;0;0;0.4;0;0;0;0;0;0;0;0;0;0;0;0;1.6;0;0;0;0;0;0;0;0;0;0;0;0;0;0;2.1;2;0;5.2;0;0;0;0;0.2;0;0;0;0;0;0;0;0;0;17.2;0;0;2;0;0;0;0;2.6;0;0;0;0;0;0;0;0;0;0;0;0;3;0.4;0;0;0;0;0;0;0;0;0;0;0;0;0;0;0;0;0;0;0;11.2;0;0;0;0;0;0;0;0;0;0;0;0;0;0;0;0;0;0;0;0;0;0;0;0;0;0
T1_1500R11;champa;N;vertical;granito;N;130;16;90;1500;-0.64278761;-0.939692621;0;80;1;20;10;10;0;1500;90.8;4.6;4.6;0;0;0;0;0;0;0;0;0;0;0;0;0;0;6;0;0;0.6;0;0;0;0.6;0;0;0;0;0;0;0;0;0;0;0;0;0.4;0;0;0;0;0;0;0;0;0;0;0;0;0;0;12.4;0;0;1.2;0;0;0;0;0;0;0.2;0;0;0;0;0;0;0;12.8;0;0.2;4.6;0;0;0;0;3;0;0;0;0;0;0;0;0;0;0;0;0;0;2;0;0;0;0;0;0.2;0;0;0;0;0;0;0;0;0;1;0;0;0;14.4;0;0;0;0;0;0;0;0;0;0;0;0;0;0;0;0;0;0;0;0;0;0;0;0;0;0
T1_1500R9;champa;N;vertical;granito;N;120;36;90;1500;-0.35836795;-1;0;60;10;10;10;10;0;1491;87;6.6;8.4;0;0;0;0;0;0;0;0;0;0;0;0;0;0;0;0.4;0;1.2;0;0;0;0.4;0;0;4;0;0;0;0;0;0;0;0;0;2.6;0;13.4;0;0;0;0;0;0;0;0;0;0;0;0;1.4;0;0;6.8;0;0;0;0;2.4;0;3.8;0;0;0;0;0;0;0;15.2;0;0;0.6;0;0;0;0;1.4;0;0;0;0;0;0;0;0;0;0;0;0;0;0;0;0;0;0;0;0;0;0;0;0;0;0;0;0;0;0;0;0;0;6.4;0;0;0;0;0;0;0;0;0;0;0;0;0;0;0;0;0;0;0;0;0;0;0;0;0;0
T2_1800R16;gigantes;plana;plana;granito;S;120;3.4;10;1800;0;-0.5;5;40;5;20;10;5;50;1921;58;13;32;0;0;0;0;0;0;0;0;0;0;0;0;0;0;0;0;0;3.8;0;0;0;0;0;0;0;0;0;0;0;0;0;0;0;0;0;0;0;0;0;0;0;0;0;0;0;0;0;0;0;0;0;0;1;0;0;0;0;0;0;0;0;0;0;0.4;0;0;0;2.2;0;0;0;0;0;0;0;0.8;0;0;0;0;0;0;0;13;0;0;0;0;0;1.6;0;0;0;0;0;0;0;0;0;0;0;0;0;0;0;0;0;3.6;0;15;0;0;0;0;0;0;0;0;0;0;0;0;0;0;0;0;0;0;0;0;0;0;0;0;0;0
T2_900R5;gigantes;plana;plana;granito;N;150;12.1;10;900;-0.866;-0.9659;30;50;10;20;1;0;0;899;28;0;72;0;0;0;0;0;0;0;0;0;0;0;2.8;0;0;0;0;0;0.8;0;0;0;0;0;0;0;0;0;0;0.4;0;0;0;0;0;0;0;0;0;0;0;0;0;0;0;0;0;0;0;0;0;0;0;0;0;0;0;0;0;0;0;0;0;0;0;0;0;0;0;0;0;0;0;0;0;0;0;0;0;0;0;0;0;0;0;0;4;0;0;0;0;0;0;0;0;0;0;0;0;0;0;0;0.4;0;0;0;0;0;0;0;0;0;0;0;0;0;0;0;0;0;0;0;0;15.4;0;0;0;0;0;0;0;0;0;0;0;0;0
T2_900R12;gigantes;S;vertical;granito;N;138;15.3912;79;900;-0.6428;-1;10;70;20;10;10;5;0;917;80;11.6;8.4;0;0;0;0;0;0;0;0;0;0;0;0;0;0;0;0;0;2;0;0;0;0;0;0;3.6;0;0;0;0.4;0;0;0;0;3.4;0;0;0;0;0;6.2;0;0;0;3.2;0;0;0;0;0;3.6;0;0;2.4;0;0;0;0;0;0;0.8;0;0;0;0;0;0;0;13.6;0;0;3.2;0;0;0;0;0;0;0;0;0;0;0;0;0;0;0;0;0;0;1.6;0;0;0;0.4;0;0;0;0;0;0;0;0;0;0;0;0;0;0;0;1.8;0;0;0;0;0;0;0;0;0;0;0;0;0;0;0;0;0;0;0;0;0;0;3;0;0;0
T2_2100R9;gigantes;S;vertical;granito;N;130;100;90;2100;-0.1736;-0.766;10;30;0;10;20;20;40;2273;63;22;15;0;0;0;0;0;0;0;0;0;0;0;0;0;0;0;0;0;2.2;0;0;0;0;0;0;0.8;0;0.8;0;0;0;0;0;0;0;2;0;0;0;0;7;0;0;0;0;0;0;0;0;0;5;0;0;2.6;0;0;0;0;0;0;0;0;0;0;0;3.2;0;0;0;0;0;0;0;0;0;0;0;0;0;0;0;0;0;0;0;0;0;0;0;0;0.6;0;7.4;0;0;0;0.4;0;0;0;0;0;0;0;0;0;0;0;1;0;0.4;0;0;2;0;11.2;0;0;0;0;0;0;0;0;0;0;0;0;0;0;0;0;0;0;0;0;0
T2_2100R1;gigantes;N;vertical;granito;N;140;7.5;70;2100;-0.866;0.342;60;2;1;5;10;20;30;2280;89;4;7;0;0;0;0;0;0;0;0;0;0;0;0;0;0;0;0;0;3.6;0;0;0;0;0;0;0;0;0;0;0;0;0;0;0;0;6.4;0;0;0;0;0;0;0;0;0;0;0;0;0;0;7;0;0;0;0;0;0;0;0;0;1;0;0;0;0;0;0;0;0;0;0;0;0;0;0;0;1.6;0;0;0;0;0;0;0;19.6;0;0;0;0;0;5.4;0;0;0;4.6;0;2.6;0;0;0;0;0;0;0;0;0;0;13.2;2;0;3;0;0;0.8;0;0;0;0;0;0;0.8;0;0;0;0;0;0;0;0;0;0;0;0;0;0;0;0
T2_2100R2;gigantes;S;vertical;granito;N;150;12.8;73;2100;-0.866;-0.1736;5;30;0;40;10;10;5;2280;83.6;2;13.4;0;0;0;0;0;0;0;0;0;0;0;0;0;0;0;0;0;5.2;0;0;0;0;0;0;0;0;0;0;0;0;0;0;0;0;0;0;0;0;0;0;0;0;0;0;0;0;0;0;0;13.8;0;0;2.8;0;0;0;0;0;0;0;0;0;0;0;1.6;0;0;0;0;0;1.4;0;0;0;0;7.6;0;0;0;0;0;0;0;0;0;0;0;0;0;0;0;0;0;0;0;1.2;0;0;0;0;0;0;0;0;0;0.6;0;2.4;0;11.4;0;0;0.8;0;0.8;0;0;0;0;0;0;0;0;0;0;0;0;0;0;0;0;0;0;0;0;0
T3_1800R4;condorito;plana;plana;granito;N;167;25.2;5;1800;-0.866;1;30;40;5;20;20;10;0;1825;66;6;28;0;0;0;0;0;0;0;0;0;0;0;0;0;0;0;1;0;1;0;0;0;0;0;0;0;0;0;0;0;0;0;0;0;0;0;0;0;0;0;0;0;0;0;0;0;0;0;0;0;0;0;0;2.4;0;0;0;0;0;0;0;0;0;0;0.8;0;0;0;1.8;0;0;0;0;0;0;0;7.2;0;0;0;0;0;0;0;0;0;0;0;0;0;1.8;0;0;0;4.2;0;0;0;0;2.8;0;0;0;0;0;0.4;0;0;4.6;0;7.6;0;0;0;0;0;1;0;0;0;0;0;0;0;0;0;0;0;6.2;0;0;0;7;0;0;0;0
T3_1800R10;condorito;N;vertical;granito;N;110;8.84;79;1800;-0.9397;-0.9063;30;30;20;5;10;30;0;1840;96.6;0.6;2.8;0;0;0;0;0;0;0;0;0;0;0;0;0;0;0;0;0;1.4;0;0;0;0;0;1.4;0.4;1.8;0;0;0;0;0;0;0;0;0;0;0;0;0;7;0;0;0;0;0;0;0;0;0;2;0;0;0;0;0.8;0;0;3.8;0;0.8;0;0;0;0;0;0;0;21.2;0;0;1.8;0;0;0;0;4.8;0;0;0;0;0;0;0;0;0;0;0;0;0;0;0;0;0;0;3.2;2;0;0;0;0;0;0;0;0;0;0;0;0.6;0;4;0;0;0;0;0;4;0;0;0;0;0;0;0;0;0;0;0;0;0;0;0;0;0;0;0;0
T3_1800R11;condorito;N;media;granito;N;177;6.56;40;1800;-0.766;-0.9397;20;30;20;20;10;20;0;1841;89;3;8;0;0;0;0;0;0;0;0;0;0;0;0;0;0;0;0;0;8.8;0;0;0;0;0;0;0;0;0;0;0;0;0;0;0;0;1.2;0;0;0;0;0;0;0;0;0;0;0;0;0;0;7.2;0;0;3.8;0;0;0;0;0;0;0;0;0;0;1.4;0;0;0;6.6;0;0;4.2;0;0;0;0;7.4;0;0;0;0;0;0;0;0;0;0;0;0.8;0;2.2;0;0.8;0;5.2;0;0;0;0;0;0;0;0;0;0;0;0;0;5.8;0;2;0;0;0;0;0;0;0;0;0;0;0;0;0;0;0;0;0;6.2;0;0;0;0;0;0;0;0
T3_1800R5;condorito;plana;plana;granito;N;150;20.496;20;1800;-0.9848;-0.866;5;50;5;25;10;10;0;1836;83;1;16;0;0;0;0;0;0;0;0;0;0;0;0;0;0;0;0;0;6;0;0;0;0;0;0;0;0;0;0;0;0;0;0;0;0;0;0;0;0;0;0;0;0;0;0;0;0;0;0;0;0.4;0;0;1.4;0;0;0;0;0;0;0;0;0;0;8.6;0;0;0;0;0;0;0.4;0;0;0;0;8.4;0;0;0;0;0;0;0;0;0;0;0;0;0;0;0;0;0;5.8;0.4;0;0;0;0;0;0;0;0;0;3.6;0;0;9.4;0;21.6;0;0;0;0;0;0;0;0;0;0;0;0;0;0;0;0;0;6.2;0;0;0;0;0;0;0;0
T3_1800R12;condorito;S;media;granito;S;150;5.32;40;1800;0.766;0.9986;10;40;10;15;10;20;0;1839;92;0;8;0;0;0;0;0;0;0;0;0;0;0;0;0;0;0;0;0;11.4;0;0;0;0;0;0;0;0;0;0;0;0;0;0;0;0;0;0;0;0;0;0;0;0;0;0;0;0;0;0;0;0;0;0;5;0;0;0;0;0;0;0;0;0;0;3;0;0;0;0;0;0;0.4;0;0;0;0;0;0;0;0;0;0;0;2.8;0;0;0;0;0;0;7.6;0;0;0;1.2;0;0;0;0;0;0;0;0;0;0;0.4;0;0;15.2;0;14;0;0;0;0;0;1.8;0;0;0;0;0;0;0;0;0;0;0;0;0;0;0;0;0;0;0;7.8
T3_1800R18;condorito;S;media;granito;S;143;12;40;1800;0.6428;0.866;20;70;5;15;10;10;0;1842;90;0;10;0;0;0;0;0;0;0;0;0;0;0;0;0;0;0;0;0;11.4;0;0;0;0;0;0;0;0;0;0;0;0;0;0;0;0;0;0;0;0;0;0;0;0;0;0;0;0;0;0;0;0;0;0;9;0;0;0;0;0;0;0;0;0;1.8;4;0;0;0;0;0;0;4;0;0;0;0;1.2;0;0;0;0;0;0;0.6;0;0;0;0;0;0;0.2;0;0;0;7;0;0;0;0;0;0;0;0;0;0;0.6;0;0;5.6;0;2.8;0;0;0;0;0;0;0;0;0;0;0;0;0;11.6;0;0;0;0;0;0;0;0;0;0;0;0
T3_900R11;condorito;N;vertical;granito;S;105;21.25;70;900;0.1736;-0.788;60;10;10;10;5;5;0;1009;94.2;0;3.8;0;0;0;0;0;0;0;0;0;0;0;1.4;0;0;0;0;0;0.4;0;0;0;0;0;0;0;0;0;0;0;0;0;0;0;0;0;0;0;0;0;0;0;0;0;0;0;0;0;0;0;0;0;0;0;0;0;0;0;0;0;0.6;0;0;0;0;0;0;0;24.4;0;0;0;0;0;0;0;0;0;0;0;0;0;0;0;0;0;0;0;0;0;1;0;0;0;0;0;0;0;0;0;0;0;0;0;0;0;0;0;0;0;15.8;0;0;0;0;0;0;0;0;1.8;0;0;0;0;0;0;0;0;0;0;0;0;0;1.6;0;0;0
T3_2100R2;condorito;N;media;granito;S;150;20.16;40;2100;0.766;-0.9659;5;30;0;3;20;5;65;2161;86.6;2.8;8.6;0;0;0;0;0;0;0;0;0;0;0;0;0;0;0;0;0;3.2;0;0;0;0;0;0;0;0;0;0;0;0;0;0;0;0;0;0;0;0;0;3;0;0;0;0;0;0;0;0;0;4.2;0;0;0;0;0;0;0;0;0;0;0;0;2;0;0;0;0;0;13.6;0;3.8;0;0;0;0;7;0;0;0;0;0;0;0;0;0;0;0;0;0;0;0;0;0;0;0;1;0;0;0;0;0;0;0;0;0;0;0;4.8;0;1.8;0;0;0;0;7.2;0;0;0;0;0;0;0;0;0;0;0;0;0;0;0;0;0;0;0;0;0
T1_1500R17;champa;N;media;granito;N;159;17.5;40;1500;-1;-0.939692621;0;90;1;10;5;5;0;1493;89;3.6;7.4;0;0;0;0;0;0;0;0;0;0;0;0;0;0;0;0;0;9.8;0;1;0;0.4;0;0;0.8;0;0;0;0;0;2.4;0;0;0;1.4;0;0;0;0;0;0;0;0;0;0;0;0;0;0;0;7.2;0;6.8;0;0;0;0;0;0;0;0;0;0;0;0;0;0;0.4;0;0;0;0;0;0;0;4.6;0;0;0;0;0;0;0.2;0;0;0;0;0;0;4.8;0;0;0;4;0;0;0;0;0;0;0;0;0;0;0;0;0;3.8;0;14.2;0;0;0;0;0;0;0;0;0;0;0;0;0;0;0;0;0;0;0;0;0;0;0;0;0;0
T2_900R2;gigantes;S;vertical;granito;N;120;9.6;70;900;0;-0.766;0;70;5;20;10;0;0;894;90.4;0;9.6;0;0;0;0;0;0;0;0;0;0;0;0;0;0;0;0;1.8;0;0;0;0;0;0;0;0;0;0;0;0;0;0;0;0;0;0;0;0;0;0;7.4;0;0;0;0;0;0;0;0;0;0;0;0;0;0;0;0;0;0;0;0;0;0;0;0;0;0;0;2.8;0;0;1;0;0;0;0;0;0;0;0;0;0;0;0;0;0;0;0;0;0;2;0;0;0;0;0;0;0;0;0;0;0;0;0;0;0;0;0;0;0;0.4;0;0;0;0;0;0;0;0;0;0;0;0;0;0;0;0;0;0;0;0;0;0;0;0;0;0
T2_900R4;gigantes;N;vertical;granito;N;120;7.08;90;900;-0.5;0.5;5;60;30;10;1;20;0;897;77;6;17;0;0;0;0;0;0;0;0;0;0;0;0;0;0;0;0;0;0;0;0;0;0;0;0;0;0;0;0;0;0;0;0;0;7.6;0;0;0;0;0;0;0;0;0;4.6;1.6;0;0;0;0;0;0;0;0;0;0;0;0;0;0;15.6;0;0;0;0;0;0;0;16.2;0;0;0;0;0;0;0;0;0;0;0;0;0;0;0;0;0;0;0;0;0;1.2;0;0;0;0;0;0;0;0;0;0;0;0;1.2;0;0;0;0;0;0;0.4;0;0;0;0;0;0;0;0;0;0;0;0;0;0;0;0;0;0;0;0;0;0;2.2;0;0;0
T2_900R14;gigantes;plana;plana;granito;N;147;9;3;900;-0.866;-1;10;80;20;5;5;10;0;919;89;0;11;0;0;0;0;0;0;0;0;0;0;0;0;0;0;0;0;0;0;0;0;0;0;0;0;0;0;0;0;0;0;0;0;0;0;0;0;0;0;0;0;0;0;0;0;0;0;0;0;0;4.8;0;0;0;0;0;0;0;0;0;0.4;0;0;0;0;0;0;0;15.6;0;0;0;0;0;0;0;0;0;0;0;0;0;0;0;0;0;0;0;0;0;1;0;0;0;0;0;0;0;0;0;0;0;0.8;0;0;0;0;0;0;0;2.8;0;0;0;0;0;0;0;0;2;0;0;0;0;0;0;0;0;0;0;0;0;0;1;0;0;0
T3_900R2;condorito;plana;plana;granito;N;172;3.9;3;900;-0.766;-0.9397;70;5;10;30;0;5;0;996;64;3;29;0;0;0;0;0;0;0;0;0;0;0;0;0;0;0;0;0;0;0;0;0;0;0;0;0;0;0;0;0;0;0;0;0;0;0;0;0;0;0;0;0;0;0;0;0;0;0;0;0;0;0;0;0;0;0;0;0;0;0;0;0;0;0;0;0;0;0;0;0;0;0;0;0;0;0;0;0;0;0;0;0;0;0;0;0;0;0;0;0;0;0;0;0;0;0;0;0;0;0;0;0;0;0;0;0;0;0;0;0;0.2;0;0;0;0;0;0;1.2;0;14.4;0;0;0;0;0;0;0;0;0;0;0;0;0.8;2.4;0;0;0
T1_1200R6;champa;S;vertical;granito;S;148;3;85;1200;0.1736;0.6428;0;80;1;10;10;5;0;1290;78;2;20;0;0;0;0;0;0;0;0;0;0;0;1.2;0;0;0;0;0;0;0;0;0;0;0;0;0;0;0;0;0;0;0;0;0;0;0;0;1.4;0;0;0;0;0;0;0;0;0;0;0;0;0;0;0;4.2;0;0;0;0;0;0;12.4;0;0;0;0;0;0;0;9.8;0;0;3.2;0;0;0;0;0;0;0;0;0;0;0;0.4;0;0;0;0;0;0;4.4;0.8;0;0;0;0;0;0;0;0;0;0;0;0;1;0;0;0;5.8;0;11.8;0;0;0;0;0;0;0;0;0.4;0;0;0;0;0;0;0;0;0;0;0;0;0;5.8;0;0;0
T2_2100R6;gigantes;N;media;granito;S;151;24.8;35;2100;0.9397;0.9848;0;95;0;5;1;0;0;2250;0;0;0;0;0;0;0;0;0;0;0;0;0;0;0;0;0;0;0;0;0;0;0;0;0;0;0;0;0;0;0;0;0;0;0;0;0;0;0;0;0;0;0;0;0;0;0;0;0;0;0;0;0;0;0;0;0;0;0;0;0;0;0;0;0;0;0;0;0;0;0;0;0;0;0;0;0;0;0;0;0;0;0;0;0;0;0;0;0;0;0;0;0;0;0;0;0;0;0;0;0;0;0;0;0;0;0;0;0;0;0;0;1;0;0;0;0;0;0;0;0;0;0;0;0;0;0;0;0;0;0;0;0;0;0;0;0;0;0
